ประทับเวลา,เพศ,นักศึกษาชั้นปี,ท่านมีเครื่องคอมพิวเตอร์ที่บ้านหรือไม่ ,ท่านจัดวางเครื่องคอมพิวเตอร์ไว้ที่ใด ภายในบ้าน,ท่านใช้คอมพิวเตอร์ กี่ครั้งต่อสัปดาห์,ท่านใช้คอมพิวเตอร์ในแต่ละครั้ง นานเท่าไร,ท่านใช้คอมพิวเตอร์มากที่สุด ในช่วงเวลาใด,ท่านสนใจเล่นเกมออนไลน์กี่ครั้งต่อสัปดาห์,ท่านสนใจเล่นเกมออนไลน์นานเท่าไรต่อครั้ง,ท่านสนใจเล่นเกมออนไลน์ ประเภทใดที่ท่านเล่นเป็นประจำ ( เลือกได้มากกว่า 1 ข้อ ),เนื้อหาของเกมออนไลน์ที่ท่านสนใจ มีประโยชน์ต่อท่านอย่างไร ( เลือกได้มากกว่า 1 ข้อ ),ความสัมพันธ์ระหว่างเพื่อนในกลุ่มวัยรุ่น,การอบรมของผู้ปกครองต่อการเล่นเกมออนไลน์เป็นเวลานาน,เล่นเกมออนไลน์มีผลต่อเพื่อนของท่านอย่างไร,ใครเป็นผู้ชักชวนให้ท่านรู้จักเกมออนไลน์เป็นครั้งแรก,บุคคลที่มักพูดคุยด้วยเกี่ยวกับการเล่นเกมออนไลน์,ปัจจัยที่มีผลต่อการติดเกมออนไลน์ [ได้รับข่าวสารเกี่ยวกับเกมออนไลน์ ผ่านทางโฆษณาทางอินเทอร์เน็ต],ปัจจัยที่มีผลต่อการติดเกมออนไลน์ [การเล่นเกมออนไลน์ เพื่อต้องการหาเพื่อนใหม่],ปัจจัยที่มีผลต่อการติดเกมออนไลน์ [ชอบการสนทนากับผู้เล่นคนอื่นที่เข้ามาเล่นเกมออนไลน์ ขณะที่ท่านกำลังเล่น],ปัจจัยที่มีผลต่อการติดเกมออนไลน์ [ความสนใจต่อเกมออนไลน์ที่มีกราฟิก สวยงาม เเละสมจริง],ปัจจัยที่มีผลต่อการติดเกมออนไลน์ [ ความสนใจต่อเกมออนไลน์ที่มีการเลื่อนระดับยาก],ปัจจัยที่มีผลต่อการติดเกมออนไลน์ [บ่อยครั้ง ที่ผู้ปกครองมักไม่มีเวลาให้],ปัจจัยที่มีผลต่อการติดเกมออนไลน์ [จะเล่นเกมต่อ หากได้เลื่อนระดับความสามารถในการเล่นเกมออนไลน์]
"10/7/2023, 15:50:47",ชาย,1,มี,ห้องนอน,1-2 ครั้ง,ไม่เกิน 2 ชั่วโมง,00.01-06.00 น.,ไม่เกิน 2 ครั้ง / สัปดาห์,ไม่เกิน 2 ชั่วโมง,"เกมสวมบทบาท, เกมกีฬา, เกมแข่งรถ","เพิ่มทักษะและความสามารถในการพิมพ์ดีด, ฝึกทักษะ ทางด้านการค้า, ฝึกการเข้าสังคม, ฝึกการขอโทษ และให้อภัยผู้อื่น, ฝึกที่จะเป็นคนมีน้ำใจ ให้ความช่วยเหลือผู้เล่นใหม่ ไม่เห็นแก่ตัว",พูดคุยได้ทุกเรื่อง,ไม่มีปัญหา,ไม่มีผลใดเกิดขึ้น,เพื่อน,เพื่อนในห้องเรียน,5,5,5,5,5,5,5
"10/7/2023, 15:54:52",หญิง,1,มี,ห้องนอน,3-4 ครั้ง,2-3 ชั่วโมง,18.01-00.00 น.,2-3 ครั้ง / สัปดาห์,2-3 ชั่วโมง,"เกมจำลองสถานการณ์, เกมบังคับตัวละคร และ เกมกำหนดกติกา, MMORPG","ฝึกการวางแผน สำหรับเกมประเภทวางแผน และการวางแผนการเล่นในเกมทั่วๆไป, ฝึกการเข้าสังคม, ฝึกทักษะทางด้านภาษา",พูดคุยได้ทุกเรื่อง,ไม่มีปัญหา,ไม่มีผลใดเกิดขึ้น,ตัวท่านเอง,เพื่อนที่รู้จักในเกมออนไลน์,5,3,4,5,4,2,4
"10/7/2023, 16:02:26",หญิง,2,มี,ห้องนอน,1-2 ครั้ง,2-3 ชั่วโมง,18.01-00.00 น.,ไม่เกิน 2 ครั้ง / สัปดาห์,ไม่เกิน 2 ชั่วโมง,เกมฝึกสมอง,ฝึกที่จะเป็นคนมีน้ำใจ ให้ความช่วยเหลือผู้เล่นใหม่ ไม่เห็นแก่ตัว,พูดคุยได้ทุกเรื่อง,ไม่มีปัญหา,ไม่มีผลใดเกิดขึ้น,ตัวท่านเอง,อื่นๆ,3,3,3,3,3,3,3
"10/7/2023, 16:03:33",หญิง,1,มี,ห้องนอน,1-2 ครั้ง,ไม่เกิน 2 ชั่วโมง,18.01-00.00 น.,ไม่เกิน 2 ครั้ง / สัปดาห์,ไม่เกิน 2 ชั่วโมง,"เกมวางแผนกลยุทธ์, เกมฝึกสมอง","ฝึกการเข้าสังคม, ฝึกที่จะเป็นคนมีน้ำใจ ให้ความช่วยเหลือผู้เล่นใหม่ ไม่เห็นแก่ตัว",พูดคุยได้บางเรื่อง,ตักเตือน,ไม่มีผลใดเกิดขึ้น,ตัวท่านเอง,เพื่อนในห้องเรียน,4,3,4,4,3,4,4
"10/7/2023, 16:04:13",หญิง,2,มี,ห้องนั่งเล่น,1-2 ครั้ง,2-3 ชั่วโมง,18.01-00.00 น.,เล่นทุกวัน,ไม่เกิน 2 ชั่วโมง,"เกมสวมบทบาท, เกมจำลองสถานการณ์, เกมฝึกสมอง","ฝึกการวางแผน สำหรับเกมประเภทวางแผน และการวางแผนการเล่นในเกมทั่วๆไป, ฝึกทักษะทางด้านภาษา",พูดคุยได้บางเรื่อง,ตักเตือน,ไม่มีผลใดเกิดขึ้น,ตัวท่านเอง,เพื่อนในห้องเรียน,3,1,1,5,3,1,5
"10/7/2023, 16:05:30",หญิง,2,มี,ห้องนั่งเล่น,1-2 ครั้ง,2-3 ชั่วโมง,12.01-18.00 น.,2-3 ครั้ง / สัปดาห์,2-3 ชั่วโมง,"เกมจำลองสถานการณ์, เกมฝึกสมอง","ฝึกการวางแผน สำหรับเกมประเภทวางแผน และการวางแผนการเล่นในเกมทั่วๆไป, ฝึกการทำงานเป็นทีม และรู้จักแบ่งหน้าที่, ฝึกที่จะเป็นคนมีน้ำใจ ให้ความช่วยเหลือผู้เล่นใหม่ ไม่เห็นแก่ตัว",พูดคุยได้ทุกเรื่อง,ไม่มีปัญหา,เข้ากลุ่มกับเพื่อนได้ สนิทกันมากขึ้น,ตัวท่านเอง,เพื่อนที่รู้จักในเกมออนไลน์,3,3,3,3,3,3,3
"10/7/2023, 16:05:56",LGBTQIA+,1,มี,ห้องนั่งเล่น,3-4 ครั้ง,2-3 ชั่วโมง,12.01-18.00 น.,2-3 ครั้ง / สัปดาห์,ไม่เกิน 2 ชั่วโมง,"เกมจำลองสถานการณ์, เกมผจญภัย, เกมฝึกสมอง","ฝึกการวางแผน สำหรับเกมประเภทวางแผน และการวางแผนการเล่นในเกมทั่วๆไป, ฝึกการทำงานเป็นทีม และรู้จักแบ่งหน้าที่, ฝึกการเข้าสังคม, ฝึกการขอโทษ และให้อภัยผู้อื่น, ฝึกที่จะเป็นคนมีน้ำใจ ให้ความช่วยเหลือผู้เล่นใหม่ ไม่เห็นแก่ตัว, ฝึกทักษะทางด้านภาษา",พูดคุยได้บางเรื่อง,ไม่มีปัญหา,ไม่มีผลใดเกิดขึ้น,เพื่อน,เพื่อนในห้องเรียน,5,2,2,3,4,1,4
"10/7/2023, 16:10:12",ชาย,1,มี,ห้องนั่งเล่น,ใช้ทุกวัน,6 ชั่วโมงขึ้นไป,6-18,2-3 ครั้ง / สัปดาห์,4-5  ชั่วโมง,"เกมวางแผนกลยุทธ์, เกมฝึกสมอง, เกมบังคับตัวละคร และ เกมกำหนดกติกา","ฝึกการวางแผน สำหรับเกมประเภทวางแผน และการวางแผนการเล่นในเกมทั่วๆไป, ฝึกการทำงานเป็นทีม และรู้จักแบ่งหน้าที่, ฝึกทักษะทางด้านภาษา",พูดคุยได้บางเรื่อง,ตักเตือน,ไม่มีผลใดเกิดขึ้น,ตัวท่านเอง,เพื่อนในห้องเรียน,4,1,5,5,4,2,5
"10/7/2023, 16:12:12",หญิง,1,มี,ห้องนอน,ใช้ทุกวัน,4-5 ชั่วโมง,18.01-00.00 น.,ไม่เกิน 2 ครั้ง / สัปดาห์,ไม่เกิน 2 ชั่วโมง,"เกมสวมบทบาท, เกมผจญภัย, เกมบังคับตัวละคร และ เกมกำหนดกติกา, MMORPG","ฝึกการวางแผน สำหรับเกมประเภทวางแผน และการวางแผนการเล่นในเกมทั่วๆไป, ฝึกการทำงานเป็นทีม และรู้จักแบ่งหน้าที่, ฝึกทักษะทางด้านภาษา",พูดคุยได้บางเรื่อง,ไม่มีปัญหา,เข้ากลุ่มกับเพื่อนได้ สนิทกันมากขึ้น,ตัวท่านเอง,เพื่อนที่รู้จักในเกมออนไลน์,4,3,4,4,4,3,4
"10/7/2023, 16:12:50",LGBTQIA+,2,ไม่มี,ไม่มีงับ,1-2 ครั้ง,ไม่เกิน 2 ชั่วโมง,12.01-18.00 น.,2-3 ครั้ง / สัปดาห์,2-3 ชั่วโมง,"เกมวางแผนกลยุทธ์, เกมผจญภัย, MMORPG","ฝึกการทำงานเป็นทีม และรู้จักแบ่งหน้าที่, ฝึกการเข้าสังคม, ฝึกการขอโทษ และให้อภัยผู้อื่น, ฝึกที่จะเป็นคนมีน้ำใจ ให้ความช่วยเหลือผู้เล่นใหม่ ไม่เห็นแก่ตัว, ฝึกทักษะทางด้านภาษา",เพื่อนไม่สามารถให้คำปรึกษาได้,ตักเตือน,ไม่มีผลใดเกิดขึ้น,เพื่อน,อื่นๆ,3,2,5,5,5,2,2
"10/7/2023, 16:18:46",ชาย,1,มี,ห้องนอน,1-2 ครั้ง,4-5 ชั่วโมง,18.01-00.00 น.,2-3 ครั้ง / สัปดาห์,2-3 ชั่วโมง,เกมวางแผนกลยุทธ์,"ฝึกการวางแผน สำหรับเกมประเภทวางแผน และการวางแผนการเล่นในเกมทั่วๆไป, ฝึกการทำงานเป็นทีม และรู้จักแบ่งหน้าที่, ฝึกการขอโทษ และให้อภัยผู้อื่น",เพื่อนไม่สามารถให้คำปรึกษาได้,ไม่มีปัญหา,ไม่มีผลใดเกิดขึ้น,เพื่อน,เพื่อนในห้องเรียน,2,2,4,3,4,2,4
"10/7/2023, 16:19:14",หญิง,2,มี,ห้องนอน,ใช้ทุกวัน,4-5 ชั่วโมง,18.01-00.00 น.,เล่นทุกวัน,ไม่เกิน 2 ชั่วโมง,"เกมสวมบทบาท, เกมจำลองสถานการณ์","ฝึกการวางแผน สำหรับเกมประเภทวางแผน และการวางแผนการเล่นในเกมทั่วๆไป, ฝึกทักษะทางด้านภาษา",พูดคุยได้บางเรื่อง,ไม่มีปัญหา,ไม่มีผลใดเกิดขึ้น,ตัวท่านเอง,เพื่อนที่รู้จักในเกมออนไลน์,3,3,3,3,3,3,3
"10/7/2023, 16:56:20",หญิง,2,มี,ห้องนั่งเล่น,1-2 ครั้ง,4-5 ชั่วโมง,18.01-00.00 น.,2-3 ครั้ง / สัปดาห์,2-3 ชั่วโมง,"เกมแข่งรถ, MMORPG","ฝึกการวางแผน สำหรับเกมประเภทวางแผน และการวางแผนการเล่นในเกมทั่วๆไป, ฝึกการทำงานเป็นทีม และรู้จักแบ่งหน้าที่, ฝึกทักษะทางด้านภาษา",พูดคุยได้บางเรื่อง,บ่นตลอดวัน,เข้ากลุ่มกับเพื่อนได้ สนิทกันมากขึ้น,เพื่อน,อื่นๆ,4,4,3,4,3,4,4
"10/7/2023, 18:07:09",ชาย,1,ไม่มี,ไม่มี,ไม่มี,ไม่เกิน 2 ชั่วโมง,18.01-00.00 น.,2-3 ครั้ง / สัปดาห์,ไม่เกิน 2 ชั่วโมง,เกมบังคับตัวละคร และ เกมกำหนดกติกา,"เพิ่มทักษะและความสามารถในการพิมพ์ดีด, ฝึกการทำงานเป็นทีม และรู้จักแบ่งหน้าที่, ฝึกการขอโทษ และให้อภัยผู้อื่น",เพื่อนไม่สามารถให้คำปรึกษาได้,ไม่มีปัญหา,เข้ากลุ่มกับเพื่อนได้ สนิทกันมากขึ้น,เพื่อน,เพื่อนในห้องเรียน,1,1,1,1,1,1,1
"10/7/2023, 18:19:14",หญิง,2,มี,ห้องนอน,1-2 ครั้ง,ไม่เกิน 2 ชั่วโมง,18.01-00.00 น.,ไม่เกิน 2 ครั้ง / สัปดาห์,ไม่เกิน 2 ชั่วโมง,เกมผจญภัย,ฝึกการทำงานเป็นทีม และรู้จักแบ่งหน้าที่,พูดคุยได้บางเรื่อง,ตักเตือน,เข้ากลุ่มกับเพื่อนได้ สนิทกันมากขึ้น,เพื่อน,เพื่อนในห้องเรียน,4,4,4,4,4,4,4
"10/7/2023, 18:20:42",หญิง,2,มี,ห้องนอน,ใช้ทุกวัน,2-3 ชั่วโมง,12.01-18.00 น.,2-3 ครั้ง / สัปดาห์,ไม่เกิน 2 ชั่วโมง,"เกมสวมบทบาท, เกมผจญภัย","ฝึกการวางแผน สำหรับเกมประเภทวางแผน และการวางแผนการเล่นในเกมทั่วๆไป, ฝึกการทำงานเป็นทีม และรู้จักแบ่งหน้าที่",พูดคุยได้บางเรื่อง,ตักเตือน,เข้ากลุ่มกับเพื่อนได้ สนิทกันมากขึ้น,ตัวท่านเอง,เพื่อนในห้องเรียน,4,2,3,4,4,1,4
"10/7/2023, 18:46:49",หญิง,2,ไม่มี,ไม่มี,1-2 ครั้ง,ไม่เกิน 2 ชั่วโมง,18.01-00.00 น.,2-3 ครั้ง / สัปดาห์,ไม่เกิน 2 ชั่วโมง,"เกมวางแผนกลยุทธ์, เกมจำลองสถานการณ์, เกมบังคับตัวละคร และ เกมกำหนดกติกา","ฝึกการวางแผน สำหรับเกมประเภทวางแผน และการวางแผนการเล่นในเกมทั่วๆไป, ฝึกการทำงานเป็นทีม และรู้จักแบ่งหน้าที่",พูดคุยได้ทุกเรื่อง,ไม่มีปัญหา,เข้ากลุ่มกับเพื่อนได้ สนิทกันมากขึ้น,เพื่อน,เพื่อนที่รู้จักในเกมออนไลน์,5,4,3,2,1,2,5
"10/7/2023, 18:47:46",หญิง,1,มี,ห้องนอน,3-4 ครั้ง,ไม่เกิน 2 ชั่วโมง,18.01-00.00 น.,ไม่เกิน 2 ครั้ง / สัปดาห์,ไม่เกิน 2 ชั่วโมง,"เกมจำลองสถานการณ์, เกมผจญภัย","ฝึกการทำงานเป็นทีม และรู้จักแบ่งหน้าที่, ฝึกการเข้าสังคม",พูดคุยได้ทุกเรื่อง,ตักเตือน,ไม่มีผลใดเกิดขึ้น,เพื่อน,เพื่อนในห้องเรียน,4,3,3,4,3,5,5
"10/7/2023, 18:57:08",หญิง,2,มี,ห้องนั่งเล่น,1-2 ครั้ง,4-5 ชั่วโมง,18.01-00.00 น.,ไม่เกิน 2 ครั้ง / สัปดาห์,ไม่เกิน 2 ชั่วโมง,เกมจำลองสถานการณ์,"เพิ่มทักษะและความสามารถในการพิมพ์ดีด, ฝึกการวางแผน สำหรับเกมประเภทวางแผน และการวางแผนการเล่นในเกมทั่วๆไป, ฝึกการทำงานเป็นทีม และรู้จักแบ่งหน้าที่, ฝึกทักษะ ทางด้านการค้า, ฝึกการเข้าสังคม, ฝึกการขอโทษ และให้อภัยผู้อื่น, ฝึกที่จะเป็นคนมีน้ำใจ ให้ความช่วยเหลือผู้เล่นใหม่ ไม่เห็นแก่ตัว, ฝึกทักษะทางด้านภาษา",พูดคุยได้บางเรื่อง,ไม่มีปัญหา,ไม่มีผลใดเกิดขึ้น,ตัวท่านเอง,เพื่อนที่รู้จักในเกมออนไลน์,4,1,5,5,5,1,5
"10/7/2023, 19:03:50",หญิง,1,มี,ห้องนั่งเล่น,1-2 ครั้ง,ไม่เกิน 2 ชั่วโมง,12.01-18.00 น.,1,1,"เกมกีฬา, เกมแข่งรถ, เกมผจญภัย","เพิ่มทักษะและความสามารถในการพิมพ์ดีด, ฝึกการทำงานเป็นทีม และรู้จักแบ่งหน้าที่, ฝึกการเข้าสังคม, ฝึกการขอโทษ และให้อภัยผู้อื่น",พูดคุยได้บางเรื่อง,ตักเตือน,เข้ากลุ่มกับเพื่อนได้ สนิทกันมากขึ้น,น้องสาว,อื่นๆ,5,3,3,3,3,5,5
"10/7/2023, 19:07:12",ชาย,2,มี,ห้องนอน,ใช้ทุกวัน,4-5 ชั่วโมง,18.01-00.00 น.,เล่นทุกวัน,2-3 ชั่วโมง,"เกมสวมบทบาท, เกมวางแผนกลยุทธ์","ฝึกการวางแผน สำหรับเกมประเภทวางแผน และการวางแผนการเล่นในเกมทั่วๆไป, ฝึกทักษะทางด้านภาษา",พูดคุยได้บางเรื่อง,ไม่มีปัญหา,เข้ากลุ่มกับเพื่อนได้ สนิทกันมากขึ้น,ตัวท่านเอง,เพื่อนในห้องเรียน,2,1,1,5,3,2,4
"10/7/2023, 19:07:53",หญิง,2,มี,ห้องนอน,3-4 ครั้ง,ไม่เกิน 2 ชั่วโมง,18.01-00.00 น.,2-3 ครั้ง / สัปดาห์,ไม่เกิน 2 ชั่วโมง,"เกมกีฬา, เกมแข่งรถ, เกมผจญภัย","เพิ่มทักษะและความสามารถในการพิมพ์ดีด, ฝึกการวางแผน สำหรับเกมประเภทวางแผน และการวางแผนการเล่นในเกมทั่วๆไป",พูดคุยได้บางเรื่อง,ไม่มีปัญหา,ไม่มีผลใดเกิดขึ้น,เพื่อน,เพื่อนที่รู้จักในเกมออนไลน์,4,4,3,3,3,3,3
"10/7/2023, 19:09:19",หญิง,2,มี,ห้องนั่งเล่น,1-2 ครั้ง,2-3 ชั่วโมง,18.01-00.00 น.,ไม่เกิน 2 ครั้ง / สัปดาห์,2-3 ชั่วโมง,"เกมแข่งรถ, เกมผจญภัย, เกมฝึกสมอง","เพิ่มทักษะและความสามารถในการพิมพ์ดีด, ฝึกการวางแผน สำหรับเกมประเภทวางแผน และการวางแผนการเล่นในเกมทั่วๆไป, ฝึกการทำงานเป็นทีม และรู้จักแบ่งหน้าที่, ฝึกการเข้าสังคม, ฝึกที่จะเป็นคนมีน้ำใจ ให้ความช่วยเหลือผู้เล่นใหม่ ไม่เห็นแก่ตัว",พูดคุยได้บางเรื่อง,ไม่มีปัญหา,เข้ากลุ่มกับเพื่อนได้ สนิทกันมากขึ้น,ตัวท่านเอง,เพื่อนในห้องเรียน,3,3,3,3,3,3,3
"10/7/2023, 19:17:46",หญิง,2,มี,ห้องนั่งเล่น,5-6 ครั้ง,2-3 ชั่วโมง,12.01-18.00 น.,ไม่เกิน 2 ครั้ง / สัปดาห์,ไม่เกิน 2 ชั่วโมง,เกมฝึกสมอง,ฝึกทักษะทางด้านภาษา,พูดคุยได้บางเรื่อง,ไม่มีปัญหา,ไม่มีผลใดเกิดขึ้น,เพื่อน,เพื่อนในห้องเรียน,4,3,3,3,3,1,2
"10/7/2023, 19:21:49",ชาย,2,มี,ห้องนั่งเล่น,1-2 ครั้ง,2-3 ชั่วโมง,18.01-00.00 น.,2-3 ครั้ง / สัปดาห์,ไม่เกิน 2 ชั่วโมง,"เกมผจญภัย, เกมฝึกสมอง, เกมบังคับตัวละคร และ เกมกำหนดกติกา","เพิ่มทักษะและความสามารถในการพิมพ์ดีด, ฝึกที่จะเป็นคนมีน้ำใจ ให้ความช่วยเหลือผู้เล่นใหม่ ไม่เห็นแก่ตัว, ฝึกทักษะทางด้านภาษา",พูดคุยได้ทุกเรื่อง,ไม่มีปัญหา,ไม่มีผลใดเกิดขึ้น,ตัวท่านเอง,เพื่อนในห้องเรียน,4,2,2,4,3,2,3
"10/7/2023, 19:29:48",ชาย,2,มี,ห้องนอน,1-2 ครั้ง,6 ชั่วโมงขึ้นไป,18.01-00.00 น.,ไม่เกิน 2 ครั้ง / สัปดาห์,4-5  ชั่วโมง,เกมบังคับตัวละคร และ เกมกำหนดกติกา,"ฝึกการวางแผน สำหรับเกมประเภทวางแผน และการวางแผนการเล่นในเกมทั่วๆไป, ฝึกการทำงานเป็นทีม และรู้จักแบ่งหน้าที่",เข้ากลุ่มเพื่อนไม่ได้,ไม่มีปัญหา,เข้ากลุ่มกับเพื่อนได้ สนิทกันมากขึ้น,ตัวท่านเอง,เพื่อนที่รู้จักในเกมออนไลน์,5,3,5,1,3,1,4
"10/7/2023, 19:30:15",หญิง,2,มี,ห้องนั่งเล่น,1-2 ครั้ง,4-5 ชั่วโมง,18.01-00.00 น.,ไม่เกิน 2 ครั้ง / สัปดาห์,ไม่เกิน 2 ชั่วโมง,เกมฝึกสมอง,"ฝึกการทำงานเป็นทีม และรู้จักแบ่งหน้าที่, ฝึกการเข้าสังคม, ฝึกทักษะทางด้านภาษา",พูดคุยได้บางเรื่อง,ไม่มีปัญหา,ไม่มีผลใดเกิดขึ้น,ตัวท่านเอง,เพื่อนในห้องเรียน,1,1,1,1,1,1,1
"10/7/2023, 19:36:49",หญิง,2,มี,ห้องนอน,1-2 ครั้ง,ไม่เกิน 2 ชั่วโมง,12.01-18.00 น.,เล่นทุกวัน,ไม่เกิน 2 ชั่วโมง,"เกมวางแผนกลยุทธ์, เกมผจญภัย, เกมฝึกสมอง","ฝึกการทำงานเป็นทีม และรู้จักแบ่งหน้าที่, ฝึกการเข้าสังคม, ฝึกที่จะเป็นคนมีน้ำใจ ให้ความช่วยเหลือผู้เล่นใหม่ ไม่เห็นแก่ตัว",พูดคุยได้บางเรื่อง,ตักเตือน,เข้ากลุ่มกับเพื่อนได้ สนิทกันมากขึ้น,เพื่อน,เพื่อนในห้องเรียน,2,3,2,3,3,2,3
"10/7/2023, 19:37:55",ชาย,2,มี,ห้องนอน,3-4 ครั้ง,2-3 ชั่วโมง,18.01-00.00 น.,เล่นทุกวัน,5 ชั่วโมงขึ้นไป,"เกมวางแผนกลยุทธ์, เกมจำลองสถานการณ์, เกมผจญภัย","ฝึกการวางแผน สำหรับเกมประเภทวางแผน และการวางแผนการเล่นในเกมทั่วๆไป, ฝึกการทำงานเป็นทีม และรู้จักแบ่งหน้าที่",พูดคุยได้บางเรื่อง,ตักเตือน,ไม่มีผลใดเกิดขึ้น,ตัวท่านเอง,เพื่อนในห้องเรียน,4,3,4,5,4,2,3
"10/7/2023, 19:41:51",หญิง,2,มี,ห้องนอน,3-4 ครั้ง,2-3 ชั่วโมง,18.01-00.00 น.,2-3 ครั้ง / สัปดาห์,ไม่เกิน 2 ชั่วโมง,"เกมสวมบทบาท, เกมจำลองสถานการณ์, เกมบังคับตัวละคร และ เกมกำหนดกติกา","ฝึกการวางแผน สำหรับเกมประเภทวางแผน และการวางแผนการเล่นในเกมทั่วๆไป, ฝึกการทำงานเป็นทีม และรู้จักแบ่งหน้าที่, ฝึกการเข้าสังคม, ฝึกที่จะเป็นคนมีน้ำใจ ให้ความช่วยเหลือผู้เล่นใหม่ ไม่เห็นแก่ตัว",พูดคุยได้ทุกเรื่อง,ไม่มีปัญหา,เข้ากลุ่มกับเพื่อนได้ สนิทกันมากขึ้น,เพื่อน,เพื่อนในห้องเรียน,3,3,3,3,3,3,3
"10/7/2023, 20:24:55",ชาย,2,ไม่มี,ไม่มี,1-2 ครั้ง,ไม่เกิน 2 ชั่วโมง,18.01-00.00 น.,ไม่เกิน 2 ครั้ง / สัปดาห์,ไม่เกิน 2 ชั่วโมง,"เกมวางแผนกลยุทธ์, เกมกีฬา, เกมแข่งรถ, เกมผจญภัย, เกมบังคับตัวละคร และ เกมกำหนดกติกา, MMORPG",ฝึกการทำงานเป็นทีม และรู้จักแบ่งหน้าที่,พูดคุยได้บางเรื่อง,ตักเตือน,เข้ากลุ่มกับเพื่อนได้ สนิทกันมากขึ้น,เพื่อน,เพื่อนในห้องเรียน,3,3,3,3,3,3,3
"10/7/2023, 20:35:58",หญิง,2,มี,ห้องนอน,5-6 ครั้ง,2-3 ชั่วโมง,18.01-00.00 น.,ไม่เกิน 2 ครั้ง / สัปดาห์,ไม่เกิน 2 ชั่วโมง,"เกมวางแผนกลยุทธ์, เกมจำลองสถานการณ์, เกมฝึกสมอง",ฝึกการวางแผน สำหรับเกมประเภทวางแผน และการวางแผนการเล่นในเกมทั่วๆไป,พูดคุยได้ทุกเรื่อง,ไม่มีปัญหา,ไม่มีผลใดเกิดขึ้น,ตัวท่านเอง,เพื่อนที่รู้จักในเกมออนไลน์,3,2,2,2,2,1,1
"10/7/2023, 20:37:52",หญิง,2,มี,ห้องนั่งเล่น,1-2 ครั้ง,ไม่เกิน 2 ชั่วโมง,12.01-18.00 น.,4-6 ครั้ง / สัปดาห์,ไม่เกิน 2 ชั่วโมง,เกมฝึกสมอง,"เพิ่มทักษะและความสามารถในการพิมพ์ดีด, ฝึกการวางแผน สำหรับเกมประเภทวางแผน และการวางแผนการเล่นในเกมทั่วๆไป, ฝึกทักษะทางด้านภาษา",พูดคุยได้บางเรื่อง,ตักเตือน,เข้ากลุ่มกับเพื่อนได้ สนิทกันมากขึ้น,ตัวท่านเอง,เพื่อนในห้องเรียน,4,3,3,5,5,2,4
"10/7/2023, 21:12:52",ชาย,2,มี,ห้องนอน,ใช้ทุกวัน,6 ชั่วโมงขึ้นไป,12.01-18.00 น.,4-6 ครั้ง / สัปดาห์,5 ชั่วโมงขึ้นไป,FPS SHOOTING ,"ฝึกการวางแผน สำหรับเกมประเภทวางแผน และการวางแผนการเล่นในเกมทั่วๆไป, ฝึกการทำงานเป็นทีม และรู้จักแบ่งหน้าที่, ฝึกทักษะทางด้านภาษา, การเล่นเป็นระบบทีมและเล่นตามแผนที่ซ้อมกันมา",พูดคุยได้บางเรื่อง,ตักเตือน,เข้ากลุ่มกับเพื่อนได้ สนิทกันมากขึ้น,ผู้ปกครอง,อื่นๆ,4,3,5,2,5,2,5
"11/7/2023, 7:43:52",ชาย,2,ไม่มี,ห้องนอน,ใช้ทุกวัน,4-5 ชั่วโมง,18.01-00.00 น.,4-6 ครั้ง / สัปดาห์,4-5  ชั่วโมง,"เกมสวมบทบาท, เกมวางแผนกลยุทธ์, เกมกีฬา, เกมแข่งรถ, เกมจำลองสถานการณ์, เกมผจญภัย, เกมฝึกสมอง, เกมบังคับตัวละคร และ เกมกำหนดกติกา","เพิ่มทักษะและความสามารถในการพิมพ์ดีด, ฝึกการวางแผน สำหรับเกมประเภทวางแผน และการวางแผนการเล่นในเกมทั่วๆไป, ฝึกการทำงานเป็นทีม และรู้จักแบ่งหน้าที่, ฝึกทักษะ ทางด้านการค้า, ฝึกการเข้าสังคม, ฝึกการขอโทษ และให้อภัยผู้อื่น, ฝึกที่จะเป็นคนมีน้ำใจ ให้ความช่วยเหลือผู้เล่นใหม่ ไม่เห็นแก่ตัว, ฝึกทักษะทางด้านภาษา",พูดคุยได้บางเรื่อง,บ่นตลอดวัน,เข้ากลุ่มกับเพื่อนได้ สนิทกันมากขึ้น,ตัวท่านเอง,เพื่อนในห้องเรียน,3,2,3,2,3,3,2
"11/7/2023, 23:24:05",หญิง,2,มี,ห้องนั่งเล่น,1-2 ครั้ง,ไม่เกิน 2 ชั่วโมง,12.01-18.00 น.,ไม่เกิน 2 ครั้ง / สัปดาห์,ไม่เกิน 2 ชั่วโมง,"เกมจำลองสถานการณ์, เกมผจญภัย","ฝึกทักษะ ทางด้านการค้า, ฝึกที่จะเป็นคนมีน้ำใจ ให้ความช่วยเหลือผู้เล่นใหม่ ไม่เห็นแก่ตัว, ฝึกทักษะทางด้านภาษา",พูดคุยได้ทุกเรื่อง,ไม่มีปัญหา,เข้ากลุ่มกับเพื่อนได้ สนิทกันมากขึ้น,เพื่อน,เพื่อนในห้องเรียน,5,3,3,5,4,1,5
"16/7/2023, 16:09:02",LGBTQIA+,2,มี,ห้องนอน,ใช้ทุกวัน,4-5 ชั่วโมง,18.01-00.00 น.,เล่นทุกวัน,4-5  ชั่วโมง,"เกมวางแผนกลยุทธ์, เกมฝึกสมอง, MMORPG, จีบหนุ่ม","ฝึกการวางแผน สำหรับเกมประเภทวางแผน และการวางแผนการเล่นในเกมทั่วๆไป, ฝึกทักษะทางด้านภาษา",พูดคุยได้บางเรื่อง,ตักเตือน,ไม่มีผลใดเกิดขึ้น,ตัวท่านเอง,อื่นๆ,4,3,2,5,4,1,3
"16/7/2023, 16:13:28",ชาย,2,มี,ห้องนอน,ใช้ทุกวัน,6 ชั่วโมงขึ้นไป,18.01-00.00 น.,เล่นทุกวัน,5 ชั่วโมงขึ้นไป,"เกมวางแผนกลยุทธ์, MMORPG","ฝึกการวางแผน สำหรับเกมประเภทวางแผน และการวางแผนการเล่นในเกมทั่วๆไป, ฝึกการทำงานเป็นทีม และรู้จักแบ่งหน้าที่, ฝึกการเข้าสังคม, ฝึกการขอโทษ และให้อภัยผู้อื่น, ฝึกที่จะเป็นคนมีน้ำใจ ให้ความช่วยเหลือผู้เล่นใหม่ ไม่เห็นแก่ตัว",พูดคุยได้ทุกเรื่อง,ไม่มีปัญหา,ไม่มีผลใดเกิดขึ้น,ตัวท่านเอง,เพื่อนในห้องเรียน,5,5,5,5,5,5,5
"16/7/2023, 16:15:20",ชาย,5,มี,ไม่บอก,ใช้ทุกวัน,6 ชั่วโมงขึ้นไป,18.01-00.00 น.,เล่นทุกวัน,4-5  ชั่วโมง,"เกมสวมบทบาท, เกมผจญภัย, ยิงคน","ฝึกการวางแผน สำหรับเกมประเภทวางแผน และการวางแผนการเล่นในเกมทั่วๆไป, ฝึกการทำงานเป็นทีม และรู้จักแบ่งหน้าที่, ฝึกทักษะทางด้านภาษา, การลากหัวคมๆ",พูดคุยได้ทุกเรื่อง,ไม่มีปัญหา,ต่อยกันเอง,ไม่รู้,อื่นๆ,1,2,3,1,3,1,1
"16/7/2023, 16:17:57",หญิง,2,มี,ห้องนั่งเล่น,3-4 ครั้ง,ไม่เกิน 2 ชั่วโมง,18.01-00.00 น.,ไม่เกิน 2 ครั้ง / สัปดาห์,ไม่เกิน 2 ชั่วโมง,"เกมแข่งรถ, เกมผจญภัย","ฝึกการวางแผน สำหรับเกมประเภทวางแผน และการวางแผนการเล่นในเกมทั่วๆไป, ฝึกทักษะ ทางด้านการค้า, ฝึกทักษะทางด้านภาษา",พูดคุยได้ทุกเรื่อง,บ่นตลอดวัน,ไม่มีผลใดเกิดขึ้น,พี่น้อง,เพื่อนในห้องเรียน,1,1,1,3,3,1,5
"16/7/2023, 16:18:27",หญิง,2,ไม่มี,-,-,0,-,ไม่เกิน 2 ครั้ง / สัปดาห์,ไม่เกิน 2 ชั่วโมง,"เกมวางแผนกลยุทธ์, เกมจำลองสถานการณ์, เกมผจญภัย, เกมฝึกสมอง",ฝึกทักษะทางด้านภาษา,พูดคุยได้ทุกเรื่อง,ไม่มีปัญหา,ไม่มีผลใดเกิดขึ้น,ตัวท่านเอง,เพื่อนในห้องเรียน,3,3,3,3,2,3,3
"16/7/2023, 17:35:03",ชาย,2,มี,ห้องนอน,ใช้ทุกวัน,2-3 ชั่วโมง,18.01-00.00 น.,4-6 ครั้ง / สัปดาห์,4-5  ชั่วโมง,"เกมวางแผนกลยุทธ์, เกมจำลองสถานการณ์, เกมบังคับตัวละคร และ เกมกำหนดกติกา","เพิ่มทักษะและความสามารถในการพิมพ์ดีด, ฝึกการวางแผน สำหรับเกมประเภทวางแผน และการวางแผนการเล่นในเกมทั่วๆไป, ฝึกการทำงานเป็นทีม และรู้จักแบ่งหน้าที่, ฝึกการขอโทษ และให้อภัยผู้อื่น, ฝึกที่จะเป็นคนมีน้ำใจ ให้ความช่วยเหลือผู้เล่นใหม่ ไม่เห็นแก่ตัว, ฝึกทักษะทางด้านภาษา",พูดคุยได้ทุกเรื่อง,ไม่มีปัญหา,เข้ากลุ่มกับเพื่อนได้ สนิทกันมากขึ้น,เพื่อน,เพื่อนในห้องเรียน,5,4,4,4,5,4,4
"16/7/2023, 18:11:30",หญิง,3,มี,ห้องพระ,ใช้ทุกวัน,ทั้งวัน ตื่นยันนอน,ตอนตื่น,เล่นทุกวัน,ไม่เกิน 2 ชั่วโมง,"เกมสวมบทบาท, เกมวางแผนกลยุทธ์, เกมจำลองสถานการณ์, เกมผจญภัย, เกมฝึกสมอง, เกมบังคับตัวละคร และ เกมกำหนดกติกา, MMORPG","ฝึกการวางแผน สำหรับเกมประเภทวางแผน และการวางแผนการเล่นในเกมทั่วๆไป, ฝึกการทำงานเป็นทีม และรู้จักแบ่งหน้าที่, ฝึกทักษะ ทางด้านการค้า, ฝึกทักษะทางด้านภาษา, ความคิดสร้างสรรค์ทางระบบ",พูดคุยได้บางเรื่อง,ไม่มีปัญหา,ไม่มีผลใดเกิดขึ้น,ตัวท่านเอง,เพื่อนที่รู้จักในเกมออนไลน์,1,1,1,2,1,1,1
"16/7/2023, 18:56:49",หญิง,2,มี,ห้องนอน,3-4 ครั้ง,2-3 ชั่วโมง,18.01-00.00 น.,2-3 ครั้ง / สัปดาห์,2-3 ชั่วโมง,เกมจำลองสถานการณ์,ไม่ได้ฝึกอะไร เล่นแล้วสบายใจเฉยๆ,พูดคุยได้บางเรื่อง,ไม่มีปัญหา,ไม่มีผลใดเกิดขึ้น,ตัวท่านเอง,อื่นๆ,5,2,1,5,4,2,5
"17/7/2023, 13:57:53",หญิง,1,มี,ห้องนอน,1-2 ครั้ง,2-3 ชั่วโมง,18.01-00.00 น.,ไม่เกิน 2 ครั้ง / สัปดาห์,ไม่เกิน 2 ชั่วโมง,เกมจำลองสถานการณ์,ฝึกการวางแผน สำหรับเกมประเภทวางแผน และการวางแผนการเล่นในเกมทั่วๆไป,พูดคุยได้ทุกเรื่อง,ตักเตือน,ไม่มีผลใดเกิดขึ้น,ตัวท่านเอง,เพื่อนที่รู้จักในเกมออนไลน์,3,4,3,4,4,4,4
"17/7/2023, 16:53:47",LGBTQIA+,3,มี,ห้องนอน,1-2 ครั้ง,4-5 ชั่วโมง,18.01-00.00 น.,2-3 ครั้ง / สัปดาห์,ไม่เกิน 2 ชั่วโมง,"เกมสวมบทบาท, เกมวางแผนกลยุทธ์, เกมแข่งรถ, เกมจำลองสถานการณ์, เกมฝึกสมอง","ฝึกการทำงานเป็นทีม และรู้จักแบ่งหน้าที่, ฝึกทักษะ ทางด้านการค้า, ฝึกทักษะทางด้านภาษา",พูดคุยได้ทุกเรื่อง,ตักเตือน,ไม่มีผลใดเกิดขึ้น,พี่ชาย,เพื่อนในห้องเรียน,3,4,5,5,4,5,4
"17/7/2023, 16:56:01",หญิง,1,มี,ห้องนอน,ใช้ทุกวัน,2-3 ชั่วโมง,18.01-00.00 น.,เล่นทุกวัน,2-3 ชั่วโมง,MMORPG,ฝึกทักษะทางด้านภาษา,พูดคุยได้ทุกเรื่อง,ตักเตือน,ไม่มีผลใดเกิดขึ้น,ตัวท่านเอง,เพื่อนในห้องเรียน,4,5,4,5,3,4,4
"17/7/2023, 16:57:25",ชาย,1,มี,ห้องนั่งเล่น,1-2 ครั้ง,2-3 ชั่วโมง,12.01-18.00 น.,4-6 ครั้ง / สัปดาห์,2-3 ชั่วโมง,"เกมวางแผนกลยุทธ์, Card","ฝึกการวางแผน สำหรับเกมประเภทวางแผน และการวางแผนการเล่นในเกมทั่วๆไป, ฝึกทักษะทางด้านภาษา",พูดคุยได้ทุกเรื่อง,ไม่มีปัญหา,เข้ากลุ่มกับเพื่อนได้ สนิทกันมากขึ้น,เพื่อน,เพื่อนในห้องเรียน,4,4,5,5,3,1,4
"17/7/2023, 17:09:18",หญิง,5,มี,ห้องนั่งเล่น,1-2 ครั้ง,2-3 ชั่วโมง,18.01-00.00 น.,เล่นทุกวัน,2-3 ชั่วโมง,เกมบังคับตัวละคร และ เกมกำหนดกติกา,ฝึกการทำงานเป็นทีม และรู้จักแบ่งหน้าที่,พูดคุยได้ทุกเรื่อง,ไม่มีปัญหา,เข้ากลุ่มกับเพื่อนได้ สนิทกันมากขึ้น,เพื่อน,เพื่อนในห้องเรียน,3,3,2,3,2,3,4
"17/7/2023, 17:13:57",หญิง,5,มี,ห้องนั่งเล่น,3-4 ครั้ง,2-3 ชั่วโมง,12.01-18.00 น.,เล่นทุกวัน,2-3 ชั่วโมง,"เกมวางแผนกลยุทธ์, เกมแข่งรถ, เกมจำลองสถานการณ์, เกมผจญภัย, เกมฝึกสมอง, เกมบังคับตัวละคร และ เกมกำหนดกติกา","ฝึกการทำงานเป็นทีม และรู้จักแบ่งหน้าที่, ฝึกการเข้าสังคม, ฝึกทักษะทางด้านภาษา",พูดคุยได้ทุกเรื่อง,ตักเตือน,เข้ากลุ่มกับเพื่อนได้ สนิทกันมากขึ้น,เพื่อน,เพื่อนในห้องเรียน,3,4,4,4,4,4,4
"17/7/2023, 17:14:20",หญิง,3,มี,ห้องนอน,1-2 ครั้ง,2-3 ชั่วโมง,18.01-00.00 น.,ไม่เกิน 2 ครั้ง / สัปดาห์,ไม่เกิน 2 ชั่วโมง,"เกมวางแผนกลยุทธ์, เกมแข่งรถ, เกมผจญภัย, เกมฝึกสมอง","เพิ่มทักษะและความสามารถในการพิมพ์ดีด, ฝึกการวางแผน สำหรับเกมประเภทวางแผน และการวางแผนการเล่นในเกมทั่วๆไป, ฝึกการทำงานเป็นทีม และรู้จักแบ่งหน้าที่, ฝึกทักษะ ทางด้านการค้า, ฝึกการเข้าสังคม",พูดคุยได้ทุกเรื่อง,ตักเตือน,เข้ากลุ่มกับเพื่อนได้ สนิทกันมากขึ้น,เพื่อน,เพื่อนในห้องเรียน,2,2,3,3,3,4,3
"17/7/2023, 17:24:52",หญิง,3,มี,ห้องนั่งเล่น,5-6 ครั้ง,4-5 ชั่วโมง,12.01-18.00 น.,4-6 ครั้ง / สัปดาห์,ไม่เกิน 2 ชั่วโมง,"เกมสวมบทบาท, เกมจำลองสถานการณ์, เกมผจญภัย, เกมฝึกสมอง, เกมบังคับตัวละคร และ เกมกำหนดกติกา","ฝึกการวางแผน สำหรับเกมประเภทวางแผน และการวางแผนการเล่นในเกมทั่วๆไป, ฝึกการทำงานเป็นทีม และรู้จักแบ่งหน้าที่, ฝึกทักษะทางด้านภาษา",พูดคุยได้ทุกเรื่อง,ไม่มีปัญหา,ไม่มีผลใดเกิดขึ้น,เพื่อน,เพื่อนในห้องเรียน,3,3,4,5,4,2,4
"17/7/2023, 18:39:02",ไม่สะดวกในการให้ข้อมูล,4,ไม่มี,ไม่มี,ไม่มี,ไม่มี,ไม่มี,4-6 ครั้ง / สัปดาห์,ไม่เกิน 2 ชั่วโมง,"เกมวางแผนกลยุทธ์, เกมผจญภัย, เกมฝึกสมอง, เกมบังคับตัวละคร และ เกมกำหนดกติกา","ฝึกการวางแผน สำหรับเกมประเภทวางแผน และการวางแผนการเล่นในเกมทั่วๆไป, ฝึกการทำงานเป็นทีม และรู้จักแบ่งหน้าที่, ฝึกการเข้าสังคม, ฝึกการขอโทษ และให้อภัยผู้อื่น, ฝึกที่จะเป็นคนมีน้ำใจ ให้ความช่วยเหลือผู้เล่นใหม่ ไม่เห็นแก่ตัว, ฝึกทักษะทางด้านภาษา",พูดคุยได้บางเรื่อง,ไม่มีปัญหา,เข้ากลุ่มกับเพื่อนได้ สนิทกันมากขึ้น,รุ่นพี่,เพื่อนในห้องเรียน,2,3,2,3,1,1,4
"17/7/2023, 19:21:22",LGBTQIA+,1,มี,ห้องนอน,5-6 ครั้ง,2-3 ชั่วโมง,18.01-00.00 น.,4-6 ครั้ง / สัปดาห์,2-3 ชั่วโมง,"เกมวางแผนกลยุทธ์, เกมกีฬา, เกมจำลองสถานการณ์, เกมฝึกสมอง, เกมบังคับตัวละคร และ เกมกำหนดกติกา","ฝึกการวางแผน สำหรับเกมประเภทวางแผน และการวางแผนการเล่นในเกมทั่วๆไป, ฝึกการทำงานเป็นทีม และรู้จักแบ่งหน้าที่, ฝึกการเข้าสังคม, ฝึกที่จะเป็นคนมีน้ำใจ ให้ความช่วยเหลือผู้เล่นใหม่ ไม่เห็นแก่ตัว, ฝึกทักษะทางด้านภาษา",พูดคุยได้บางเรื่อง,ไม่มีปัญหา,ไม่มีผลใดเกิดขึ้น,เพื่อน,เพื่อนในห้องเรียน,2,2,4,5,3,4,5
"17/7/2023, 20:43:08",หญิง,2,มี,ห้องนั่งเล่น,ใช้ทุกวัน,2-3 ชั่วโมง,18.01-00.00 น.,ไม่เกิน 2 ครั้ง / สัปดาห์,ไม่เกิน 2 ชั่วโมง,เกมฝึกสมอง,ฝึกทักษะการคิดเลข (sudoku),พูดคุยได้ทุกเรื่อง,ไม่มีปัญหา,ไม่มีผลใดเกิดขึ้น,ตัวท่านเอง,เพื่อนในห้องเรียน,1,1,1,1,3,1,2
"17/7/2023, 21:03:16",ชาย,1,มี,ห้องนอน,ใช้ทุกวัน,4-5 ชั่วโมง,18.01-00.00 น.,เล่นทุกวัน,ไม่เกิน 2 ชั่วโมง,"เกมวางแผนกลยุทธ์, เกมกีฬา","ฝึกการวางแผน สำหรับเกมประเภทวางแผน และการวางแผนการเล่นในเกมทั่วๆไป, ฝึกการทำงานเป็นทีม และรู้จักแบ่งหน้าที่",พูดคุยได้ทุกเรื่อง,ไม่มีปัญหา,เข้ากลุ่มกับเพื่อนได้ สนิทกันมากขึ้น,เพื่อน,เพื่อนในห้องเรียน,1,3,2,3,3,2,5
"17/7/2023, 21:11:09",ชาย,1,มี,ห้องนอน,ใช้ทุกวัน,4-5 ชั่วโมง,18.01-00.00 น.,เล่นทุกวัน,4-5  ชั่วโมง,"เกมกีฬา, เกมบังคับตัวละคร และ เกมกำหนดกติกา","ฝึกการวางแผน สำหรับเกมประเภทวางแผน และการวางแผนการเล่นในเกมทั่วๆไป, ฝึกที่จะเป็นคนมีน้ำใจ ให้ความช่วยเหลือผู้เล่นใหม่ ไม่เห็นแก่ตัว, ฝึกทักษะทางด้านภาษา",พูดคุยได้บางเรื่อง,ตักเตือน,เข้ากลุ่มกับเพื่อนได้ สนิทกันมากขึ้น,เพื่อน,เพื่อนในห้องเรียน,2,2,5,5,3,1,5
"17/7/2023, 21:11:17",ชาย,1,มี,ห้องนั่งเล่น,ใช้ทุกวัน,4-5 ชั่วโมง,18.01-00.00 น.,4-6 ครั้ง / สัปดาห์,2-3 ชั่วโมง,"เกมวางแผนกลยุทธ์, เกมฝึกสมอง, เกมบังคับตัวละคร และ เกมกำหนดกติกา, MMORPG","เพิ่มทักษะและความสามารถในการพิมพ์ดีด, ฝึกการวางแผน สำหรับเกมประเภทวางแผน และการวางแผนการเล่นในเกมทั่วๆไป, ฝึกการทำงานเป็นทีม และรู้จักแบ่งหน้าที่, ฝึกการขอโทษ และให้อภัยผู้อื่น, ฝึกทักษะทางด้านภาษา",พูดคุยได้ทุกเรื่อง,ตักเตือน,เข้ากลุ่มกับเพื่อนได้ สนิทกันมากขึ้น,เพื่อน,เพื่อนในห้องเรียน,4,3,4,4,5,3,4
"17/7/2023, 21:14:00",LGBTQIA+,1,มี,ห้องนอน,ใช้ทุกวัน,4-5 ชั่วโมง,18.01-00.00 น.,2-3 ครั้ง / สัปดาห์,ไม่เกิน 2 ชั่วโมง,"เกมวางแผนกลยุทธ์, เกมจำลองสถานการณ์","ฝึกการวางแผน สำหรับเกมประเภทวางแผน และการวางแผนการเล่นในเกมทั่วๆไป, ฝึกการทำงานเป็นทีม และรู้จักแบ่งหน้าที่, ฝึกทักษะทางด้านภาษา",พูดคุยได้บางเรื่อง,ไม่มีปัญหา,เข้ากลุ่มกับเพื่อนไม่ได้ มีปัญหากัน,ตัวท่านเอง,เพื่อนในห้องเรียน,4,4,5,5,4,3,5
"17/7/2023, 21:14:03",ชาย,5,มี,ห้องนั่งเล่น,ใช้ทุกวัน,6 ชั่วโมงขึ้นไป,18.01-00.00 น.,เล่นทุกวัน,4-5  ชั่วโมง,"เกมสวมบทบาท, เกมวางแผนกลยุทธ์, เกมกีฬา, เกมแข่งรถ, เกมจำลองสถานการณ์, เกมผจญภัย, เกมฝึกสมอง, เกมบังคับตัวละคร และ เกมกำหนดกติกา, MMORPG","เพิ่มทักษะและความสามารถในการพิมพ์ดีด, ฝึกการวางแผน สำหรับเกมประเภทวางแผน และการวางแผนการเล่นในเกมทั่วๆไป, ฝึกการทำงานเป็นทีม และรู้จักแบ่งหน้าที่, ฝึกทักษะ ทางด้านการค้า, ฝึกการเข้าสังคม, ฝึกการขอโทษ และให้อภัยผู้อื่น, ฝึกที่จะเป็นคนมีน้ำใจ ให้ความช่วยเหลือผู้เล่นใหม่ ไม่เห็นแก่ตัว, ฝึกทักษะทางด้านภาษา",พูดคุยได้ทุกเรื่อง,ไม่มีปัญหา,เข้ากลุ่มกับเพื่อนได้ สนิทกันมากขึ้น,ตัวท่านเอง,เพื่อนที่รู้จักในเกมออนไลน์,5,5,5,5,5,5,5
"17/7/2023, 21:14:06",ชาย,1,มี,ห้องนอน,ใช้ทุกวัน,2-3 ชั่วโมง,06.01-12.00 น,ไม่เกิน 2 ครั้ง / สัปดาห์,ไม่เกิน 2 ชั่วโมง,"เกมสวมบทบาท, เกมวางแผนกลยุทธ์, เกมผจญภัย, เกมฝึกสมอง, เกมบังคับตัวละคร และ เกมกำหนดกติกา","ฝึกการทำงานเป็นทีม และรู้จักแบ่งหน้าที่, ฝึกการเข้าสังคม, ฝึกทักษะทางด้านภาษา",พูดคุยได้ทุกเรื่อง,ไม่มีปัญหา,เข้ากลุ่มกับเพื่อนได้ สนิทกันมากขึ้น,ตัวท่านเอง,เพื่อนในห้องเรียน,4,3,5,5,5,2,4
"17/7/2023, 21:15:59",ชาย,1,มี,ห้องนั่งเล่น,3-4 ครั้ง,2-3 ชั่วโมง,18.01-00.00 น.,ไม่เกิน 2 ครั้ง / สัปดาห์,ไม่เกิน 2 ชั่วโมง,"เกมสวมบทบาท, เกมแข่งรถ, MMORPG",ฝึกทักษะทางด้านภาษา,พูดคุยได้บางเรื่อง,บ่นตลอดวัน,เข้ากลุ่มกับเพื่อนได้ สนิทกันมากขึ้น,เพื่อน,เพื่อนในห้องเรียน,1,1,3,5,2,5,2
"17/7/2023, 21:17:34",ชาย,1,ไม่มี,ไม่ที,ไม่ที,ไม่ได้ใช้,ไม่มีคอมพิวเตอร์,เล่นทุกวัน,ไม่เกิน 2 ชั่วโมง,MOBA ,ฝึกการวางแผน สำหรับเกมประเภทวางแผน และการวางแผนการเล่นในเกมทั่วๆไป,พูดคุยได้บางเรื่อง,ตักเตือน,ไม่มีผลใดเกิดขึ้น,ตัวท่านเอง,เพื่อนในห้องเรียน,3,3,4,3,3,2,2
"17/7/2023, 21:17:36",ชาย,1,มี,ห้องนอน,ใช้ทุกวัน,4-5 ชั่วโมง,18.01-00.00 น.,4-6 ครั้ง / สัปดาห์,4-5  ชั่วโมง,เกมวางแผนกลยุทธ์,"ฝึกการวางแผน สำหรับเกมประเภทวางแผน และการวางแผนการเล่นในเกมทั่วๆไป, ฝึกการทำงานเป็นทีม และรู้จักแบ่งหน้าที่, ฝึกการเข้าสังคม, ฝึกทักษะทางด้านภาษา",พูดคุยได้ทุกเรื่อง,ตักเตือน,เข้ากลุ่มกับเพื่อนได้ สนิทกันมากขึ้น,ตัวท่านเอง,เพื่อนในห้องเรียน,4,2,3,5,4,3,4
"17/7/2023, 21:17:46",ชาย,1,มี,ห้องนอน,ใช้ทุกวัน,4-5 ชั่วโมง,18.01-00.00 น.,เล่นทุกวัน,4-5  ชั่วโมง,"เกมวางแผนกลยุทธ์, เกมผจญภัย, เกมฝึกสมอง, เกมบังคับตัวละคร และ เกมกำหนดกติกา","เพิ่มทักษะและความสามารถในการพิมพ์ดีด, ฝึกการวางแผน สำหรับเกมประเภทวางแผน และการวางแผนการเล่นในเกมทั่วๆไป, ฝึกการทำงานเป็นทีม และรู้จักแบ่งหน้าที่, ฝึกทักษะ ทางด้านการค้า, ฝึกการเข้าสังคม, ฝึกการขอโทษ และให้อภัยผู้อื่น, ฝึกที่จะเป็นคนมีน้ำใจ ให้ความช่วยเหลือผู้เล่นใหม่ ไม่เห็นแก่ตัว, ฝึกทักษะทางด้านภาษา",พูดคุยได้บางเรื่อง,ตักเตือน,เข้ากลุ่มกับเพื่อนได้ สนิทกันมากขึ้น,ตัวท่านเอง,เพื่อนในห้องเรียน,4,5,5,5,5,3,4
"17/7/2023, 21:18:21",ชาย,1,มี,ห้องนั่งเล่น,5-6 ครั้ง,2-3 ชั่วโมง,18.01-00.00 น.,เล่นทุกวัน,ไม่เกิน 2 ชั่วโมง,"เกมวางแผนกลยุทธ์, MMORPG","ฝึกการวางแผน สำหรับเกมประเภทวางแผน และการวางแผนการเล่นในเกมทั่วๆไป, ฝึกการทำงานเป็นทีม และรู้จักแบ่งหน้าที่, ฝึกการขอโทษ และให้อภัยผู้อื่น",พูดคุยได้บางเรื่อง,ไม่มีปัญหา,เข้ากลุ่มกับเพื่อนได้ สนิทกันมากขึ้น,เพื่อน,เพื่อนในห้องเรียน,5,2,2,4,4,3,4
"17/7/2023, 21:18:52",ชาย,1,มี,ห้องนั่งเล่น,ใช้ทุกวัน,4-5 ชั่วโมง,18.01-00.00 น.,ไม่เกิน 2 ครั้ง / สัปดาห์,ไม่เกิน 2 ชั่วโมง,MMORPG,"ฝึกการวางแผน สำหรับเกมประเภทวางแผน และการวางแผนการเล่นในเกมทั่วๆไป, ฝึกการทำงานเป็นทีม และรู้จักแบ่งหน้าที่, ฝึกทักษะ ทางด้านการค้า, ฝึกการเข้าสังคม, ฝึกการขอโทษ และให้อภัยผู้อื่น, ฝึกทักษะทางด้านภาษา",พูดคุยได้ทุกเรื่อง,ไม่มีปัญหา,ไม่มีผลใดเกิดขึ้น,ตัวท่านเอง,เพื่อนในห้องเรียน,4,4,4,3,5,4,3
"17/7/2023, 21:20:05",ชาย,1,มี,ห้องนั่งเล่น,ใช้ทุกวัน,6 ชั่วโมงขึ้นไป,12.01-18.00 น.,เล่นทุกวัน,5 ชั่วโมงขึ้นไป,"เกมสวมบทบาท, เกมจำลองสถานการณ์, เกมฝึกสมอง, MOBA","ฝึกการวางแผน สำหรับเกมประเภทวางแผน และการวางแผนการเล่นในเกมทั่วๆไป, ฝึกการทำงานเป็นทีม และรู้จักแบ่งหน้าที่",พูดคุยได้บางเรื่อง,ตักเตือน,เข้ากลุ่มกับเพื่อนได้ สนิทกันมากขึ้น,ตัวท่านเอง,เพื่อนที่รู้จักในเกมออนไลน์,4,5,5,5,5,3,5
"17/7/2023, 21:21:56",หญิง,1,มี,ห้องนั่งเล่น,1-2 ครั้ง,ไม่เกิน 2 ชั่วโมง,18.01-00.00 น.,ไม่เกิน 2 ครั้ง / สัปดาห์,ไม่เกิน 2 ชั่วโมง,"เกมจำลองสถานการณ์, เกมผจญภัย, เกมเเต่งตัว","เพิ่มทักษะและความสามารถในการพิมพ์ดีด, ฝึกการวางแผน สำหรับเกมประเภทวางแผน และการวางแผนการเล่นในเกมทั่วๆไป, ฝึกการทำงานเป็นทีม และรู้จักแบ่งหน้าที่, ฝึกที่จะเป็นคนมีน้ำใจ ให้ความช่วยเหลือผู้เล่นใหม่ ไม่เห็นแก่ตัว",พูดคุยได้ทุกเรื่อง,ไม่มีปัญหา,ไม่มีผลใดเกิดขึ้น,เพื่อน,เพื่อนในห้องเรียน,4,3,3,4,3,3,3
"17/7/2023, 21:22:40",ชาย,1,มี,ห้องนอน,ใช้ทุกวัน,4-5 ชั่วโมง,18.01-00.00 น.,เล่นทุกวัน,4-5  ชั่วโมง,เกมสวมบทบาท,ฝึกการวางแผน สำหรับเกมประเภทวางแผน และการวางแผนการเล่นในเกมทั่วๆไป,พูดคุยได้ทุกเรื่อง,ตักเตือน,เข้ากลุ่มกับเพื่อนได้ สนิทกันมากขึ้น,เพื่อน,เพื่อนที่รู้จักในเกมออนไลน์,4,4,4,4,4,4,4
"17/7/2023, 21:23:51",ชาย,1,มี,ห้องนอน,ใช้ทุกวัน,2-3 ชั่วโมง,18.01-00.00 น.,เล่นทุกวัน,4-5  ชั่วโมง,"เกมวางแผนกลยุทธ์, เกมจำลองสถานการณ์, เกมผจญภัย, MMORPG","เพิ่มทักษะและความสามารถในการพิมพ์ดีด, ฝึกการวางแผน สำหรับเกมประเภทวางแผน และการวางแผนการเล่นในเกมทั่วๆไป, ฝึกการทำงานเป็นทีม และรู้จักแบ่งหน้าที่, ฝึกทักษะ ทางด้านการค้า, ฝึกการเข้าสังคม, ฝึกการขอโทษ และให้อภัยผู้อื่น, ฝึกที่จะเป็นคนมีน้ำใจ ให้ความช่วยเหลือผู้เล่นใหม่ ไม่เห็นแก่ตัว, ฝึกทักษะทางด้านภาษา",พูดคุยได้บางเรื่อง,ตักเตือน,เข้ากลุ่มกับเพื่อนได้ สนิทกันมากขึ้น,เพื่อน,เพื่อนในห้องเรียน,3,3,3,3,3,3,3
"17/7/2023, 21:24:29",ชาย,1,มี,ห้องนอน,1-2 ครั้ง,ไม่เกิน 2 ชั่วโมง,18.01-00.00 น.,ไม่เกิน 2 ครั้ง / สัปดาห์,ไม่เกิน 2 ชั่วโมง,"เกมกีฬา, เกมฝึกสมอง","ฝึกการวางแผน สำหรับเกมประเภทวางแผน และการวางแผนการเล่นในเกมทั่วๆไป, ฝึกการทำงานเป็นทีม และรู้จักแบ่งหน้าที่",พูดคุยได้ทุกเรื่อง,ตักเตือน,ไม่มีผลใดเกิดขึ้น,เพื่อน,เพื่อนในห้องเรียน,3,3,3,3,3,3,3
"17/7/2023, 21:25:37",ชาย,1,มี,ห้องนอน,ใช้ทุกวัน,6 ชั่วโมงขึ้นไป,18.01-00.00 น.,เล่นทุกวัน,5 ชั่วโมงขึ้นไป,เกมสวมบทบาท,"ฝึกการวางแผน สำหรับเกมประเภทวางแผน และการวางแผนการเล่นในเกมทั่วๆไป, ฝึกการทำงานเป็นทีม และรู้จักแบ่งหน้าที่, ฝึกการเข้าสังคม, ฝึกทักษะทางด้านภาษา",พูดคุยได้ทุกเรื่อง,ไม่มีปัญหา,เข้ากลุ่มกับเพื่อนได้ สนิทกันมากขึ้น,เพื่อน,เพื่อนที่รู้จักในเกมออนไลน์,4,4,4,4,4,4,4
"17/7/2023, 21:25:58",ชาย,1,มี,ห้องนอน,ใช้ทุกวัน,4-5 ชั่วโมง,18.01-00.00 น.,เล่นทุกวัน,4-5  ชั่วโมง,เกมวางแผนกลยุทธ์,"เพิ่มทักษะและความสามารถในการพิมพ์ดีด, ฝึกการทำงานเป็นทีม และรู้จักแบ่งหน้าที่",พูดคุยได้ทุกเรื่อง,ตักเตือน,เข้ากลุ่มกับเพื่อนได้ สนิทกันมากขึ้น,ตัวท่านเอง,เพื่อนในห้องเรียน,4,4,4,4,4,4,4
"17/7/2023, 21:26:58",ชาย,1,มี,ห้องนอน,ใช้ทุกวัน,4-5 ชั่วโมง,12.01-18.00 น.,เล่นทุกวัน,2-3 ชั่วโมง,"เกมสวมบทบาท, เกมวางแผนกลยุทธ์, เกมจำลองสถานการณ์, เกมผจญภัย, เกมฝึกสมอง, เกมบังคับตัวละคร และ เกมกำหนดกติกา, MMORPG","เพิ่มทักษะและความสามารถในการพิมพ์ดีด, ฝึกการวางแผน สำหรับเกมประเภทวางแผน และการวางแผนการเล่นในเกมทั่วๆไป, ฝึกการทำงานเป็นทีม และรู้จักแบ่งหน้าที่, ฝึกทักษะ ทางด้านการค้า, ฝึกการเข้าสังคม, ฝึกการขอโทษ และให้อภัยผู้อื่น, ฝึกที่จะเป็นคนมีน้ำใจ ให้ความช่วยเหลือผู้เล่นใหม่ ไม่เห็นแก่ตัว, ฝึกทักษะทางด้านภาษา",พูดคุยได้ทุกเรื่อง,ไม่มีปัญหา,เข้ากลุ่มกับเพื่อนได้ สนิทกันมากขึ้น,ตัวท่านเอง,อื่นๆ,3,5,5,5,5,3,5
"17/7/2023, 21:32:16",ชาย,1,มี,ห้องนอน,3-4 ครั้ง,ไม่เกิน 2 ชั่วโมง,18.01-00.00 น.,เล่นทุกวัน,ไม่เกิน 2 ชั่วโมง,"เกมผจญภัย, เกมฝึกสมอง, เกมบังคับตัวละคร และ เกมกำหนดกติกา","ฝึกการทำงานเป็นทีม และรู้จักแบ่งหน้าที่, ฝึกการเข้าสังคม, ฝึกที่จะเป็นคนมีน้ำใจ ให้ความช่วยเหลือผู้เล่นใหม่ ไม่เห็นแก่ตัว",พูดคุยได้ทุกเรื่อง,ไม่มีปัญหา,เข้ากลุ่มกับเพื่อนได้ สนิทกันมากขึ้น,ตัวท่านเอง,เพื่อนที่รู้จักในเกมออนไลน์,5,5,5,5,5,1,5
"17/7/2023, 21:33:49",ชาย,1,มี,ห้องนอน,ใช้ทุกวัน,2-3 ชั่วโมง,18.01-00.00 น.,เล่นทุกวัน,2-3 ชั่วโมง,"เกมจำลองสถานการณ์, เกมผจญภัย, เกมบังคับตัวละคร และ เกมกำหนดกติกา",ฝึกการทำงานเป็นทีม และรู้จักแบ่งหน้าที่,พูดคุยได้ทุกเรื่อง,ตักเตือน,เข้ากลุ่มกับเพื่อนได้ สนิทกันมากขึ้น,ตัวท่านเอง,เพื่อนในห้องเรียน,4,4,4,4,4,4,4
"17/7/2023, 21:35:35",หญิง,1,มี,ห้องนอน,1-2 ครั้ง,ไม่เกิน 2 ชั่วโมง,18.01-00.00 น.,ไม่เกิน 2 ครั้ง / สัปดาห์,ไม่เกิน 2 ชั่วโมง,เกมผจญภัย,ฝึกทักษะทางด้านภาษา,พูดคุยได้ทุกเรื่อง,ไม่มีปัญหา,เข้ากลุ่มกับเพื่อนได้ สนิทกันมากขึ้น,เพื่อน,เพื่อนในห้องเรียน,3,1,1,2,2,2,2
"17/7/2023, 21:35:53",หญิง,1,มี,ห้องนั่งเล่น,5-6 ครั้ง,2-3 ชั่วโมง,18.01-00.00 น.,ไม่เกิน 2 ครั้ง / สัปดาห์,2-3 ชั่วโมง,"เกมสวมบทบาท, เกมแข่งรถ, เกมบังคับตัวละคร และ เกมกำหนดกติกา","ฝึกการวางแผน สำหรับเกมประเภทวางแผน และการวางแผนการเล่นในเกมทั่วๆไป, ฝึกการทำงานเป็นทีม และรู้จักแบ่งหน้าที่, ฝึกการขอโทษ และให้อภัยผู้อื่น, ฝึกที่จะเป็นคนมีน้ำใจ ให้ความช่วยเหลือผู้เล่นใหม่ ไม่เห็นแก่ตัว",พูดคุยได้ทุกเรื่อง,ไม่มีปัญหา,ไม่มีผลใดเกิดขึ้น,ญาติ,อื่นๆ,4,3,1,5,3,1,5
"17/7/2023, 21:35:55",หญิง,1,มี,ห้องนั่งเล่น,1-2 ครั้ง,2-3 ชั่วโมง,18.01-00.00 น.,ไม่เกิน 2 ครั้ง / สัปดาห์,ไม่เกิน 2 ชั่วโมง,"เกมกีฬา, เกมฝึกสมอง","เพิ่มทักษะและความสามารถในการพิมพ์ดีด, ฝึกการวางแผน สำหรับเกมประเภทวางแผน และการวางแผนการเล่นในเกมทั่วๆไป",พูดคุยได้บางเรื่อง,ไม่มีปัญหา,ไม่มีผลใดเกิดขึ้น,ตัวท่านเอง,เพื่อนในห้องเรียน,4,3,3,5,5,1,3
"17/7/2023, 21:36:31",ชาย,1,มี,ห้องนอน,3-4 ครั้ง,2-3 ชั่วโมง,18.01-00.00 น.,2-3 ครั้ง / สัปดาห์,2-3 ชั่วโมง,"เกมสวมบทบาท, เกมแข่งรถ, เกมจำลองสถานการณ์, เกมบังคับตัวละคร และ เกมกำหนดกติกา","ฝึกการวางแผน สำหรับเกมประเภทวางแผน และการวางแผนการเล่นในเกมทั่วๆไป, ฝึกการเข้าสังคม, ฝึกที่จะเป็นคนมีน้ำใจ ให้ความช่วยเหลือผู้เล่นใหม่ ไม่เห็นแก่ตัว",พูดคุยได้บางเรื่อง,ตักเตือน,ไม่มีผลใดเกิดขึ้น,เพื่อน,เพื่อนในห้องเรียน,4,2,3,5,3,1,3
"17/7/2023, 21:37:11",หญิง,1,มี,ห้องนั่งเล่น,1-2 ครั้ง,ไม่เกิน 2 ชั่วโมง,18.01-00.00 น.,ไม่เกิน 2 ครั้ง / สัปดาห์,ไม่เกิน 2 ชั่วโมง,"เกมแข่งรถ, เกมฝึกสมอง",ฝึกการวางแผน สำหรับเกมประเภทวางแผน และการวางแผนการเล่นในเกมทั่วๆไป,พูดคุยได้ทุกเรื่อง,ตักเตือน,เข้ากลุ่มกับเพื่อนได้ สนิทกันมากขึ้น,เพื่อน,เพื่อนในห้องเรียน,4,1,2,4,2,1,4
"17/7/2023, 21:38:53",หญิง,1,มี,ห้องนอน,1-2 ครั้ง,2-3 ชั่วโมง,18.01-00.00 น.,ไม่เกิน 2 ครั้ง / สัปดาห์,ไม่เกิน 2 ชั่วโมง,เกมจำลองสถานการณ์,"เพิ่มทักษะและความสามารถในการพิมพ์ดีด, ฝึกการวางแผน สำหรับเกมประเภทวางแผน และการวางแผนการเล่นในเกมทั่วๆไป, ฝึกทักษะทางด้านภาษา",พูดคุยได้บางเรื่อง,ไม่มีปัญหา,ไม่มีผลใดเกิดขึ้น,เพื่อน,เพื่อนในห้องเรียน,4,2,2,5,4,2,3
"17/7/2023, 21:40:25",ชาย,1,มี,ห้องนอน,ใช้ทุกวัน,2-3 ชั่วโมง,18.01-00.00 น.,เล่นทุกวัน,2-3 ชั่วโมง,"เกมสวมบทบาท, เกมวางแผนกลยุทธ์, เกมผจญภัย, เกมฝึกสมอง","เพิ่มทักษะและความสามารถในการพิมพ์ดีด, ฝึกการวางแผน สำหรับเกมประเภทวางแผน และการวางแผนการเล่นในเกมทั่วๆไป",พูดคุยได้ทุกเรื่อง,ไม่มีปัญหา,ไม่มีผลใดเกิดขึ้น,ตัวท่านเอง,เพื่อนที่รู้จักในเกมออนไลน์,2,3,3,3,3,3,3
"17/7/2023, 21:41:05",ชาย,1,มี,ห้องนั่งเล่น,5-6 ครั้ง,4-5 ชั่วโมง,18.01-00.00 น.,ไม่เกิน 2 ครั้ง / สัปดาห์,ไม่เกิน 2 ชั่วโมง,"เกมวางแผนกลยุทธ์, เกมผจญภัย, เกมฝึกสมอง","ฝึกการวางแผน สำหรับเกมประเภทวางแผน และการวางแผนการเล่นในเกมทั่วๆไป, ฝึกการทำงานเป็นทีม และรู้จักแบ่งหน้าที่, ฝึกทักษะ ทางด้านการค้า, การผจญภัย ฝึกการสังเกต",พูดคุยได้บางเรื่อง,ไม่มีปัญหา,ไม่มีผลใดเกิดขึ้น,เพื่อน,เพื่อนในห้องเรียน,3,3,3,4,4,4,4
"17/7/2023, 21:41:59",หญิง,1,มี,ห้องนอน,1-2 ครั้ง,4-5 ชั่วโมง,18.01-00.00 น.,2-3 ครั้ง / สัปดาห์,ไม่เกิน 2 ชั่วโมง,"เกมสวมบทบาท, เกมแข่งรถ, เกมจำลองสถานการณ์, เกมฝึกสมอง","ฝึกการวางแผน สำหรับเกมประเภทวางแผน และการวางแผนการเล่นในเกมทั่วๆไป, ฝึกการทำงานเป็นทีม และรู้จักแบ่งหน้าที่, ฝึกทักษะ ทางด้านการค้า, ฝึกการเข้าสังคม, ฝึกทักษะทางด้านภาษา",พูดคุยได้บางเรื่อง,ไม่มีปัญหา,เข้ากลุ่มกับเพื่อนได้ สนิทกันมากขึ้น,เพื่อน,เพื่อนที่รู้จักในเกมออนไลน์,3,4,4,3,4,3,4
"17/7/2023, 21:42:10",หญิง,1,มี,ห้องนั่งเล่น,ใช้ทุกวัน,2-3 ชั่วโมง,18.01-00.00 น.,ไม่เล่น,ไม่เล่น,ไม่เล่น,ฝึกทักษะทางด้านภาษา,พูดคุยได้บางเรื่อง,ไม่มีปัญหา,ไม่มีผลใดเกิดขึ้น,ตัวท่านเอง,เพื่อนที่รู้จักในเกมออนไลน์,1,3,3,5,5,1,5
"17/7/2023, 21:42:17",หญิง,1,มี,ห้องนอน,3-4 ครั้ง,2-3 ชั่วโมง,18.01-00.00 น.,2-3 ครั้ง / สัปดาห์,ไม่เกิน 2 ชั่วโมง,"เกมสวมบทบาท, เกมวางแผนกลยุทธ์, เกมจำลองสถานการณ์, เกมฝึกสมอง","ฝึกการวางแผน สำหรับเกมประเภทวางแผน และการวางแผนการเล่นในเกมทั่วๆไป, ฝึกที่จะเป็นคนมีน้ำใจ ให้ความช่วยเหลือผู้เล่นใหม่ ไม่เห็นแก่ตัว, ฝึกทักษะทางด้านภาษา",พูดคุยได้บางเรื่อง,ไม่มีปัญหา,ไม่มีผลใดเกิดขึ้น,เพื่อน,เพื่อนในห้องเรียน,3,2,3,4,3,1,2
"17/7/2023, 21:42:35",หญิง,1,มี,ห้องนอน,1-2 ครั้ง,4-5 ชั่วโมง,18.01-00.00 น.,ไม่เกิน 2 ครั้ง / สัปดาห์,ไม่เกิน 2 ชั่วโมง,"เกมสวมบทบาท, เกมจำลองสถานการณ์, เกมฝึกสมอง","ฝึกการวางแผน สำหรับเกมประเภทวางแผน และการวางแผนการเล่นในเกมทั่วๆไป, ฝึกการทำงานเป็นทีม และรู้จักแบ่งหน้าที่",พูดคุยได้บางเรื่อง,ตักเตือน,เข้ากลุ่มกับเพื่อนได้ สนิทกันมากขึ้น,เพื่อน,เพื่อนในห้องเรียน,4,4,4,4,4,4,4
"17/7/2023, 21:42:43",ชาย,1,มี,ห้องนั่งเล่น,1-2 ครั้ง,ไม่เกิน 2 ชั่วโมง,12.01-18.00 น.,เล่นทุกวัน,2-3 ชั่วโมง,"เกมสวมบทบาท, เกมผจญภัย, MMORPG","ฝึกการวางแผน สำหรับเกมประเภทวางแผน และการวางแผนการเล่นในเกมทั่วๆไป, ฝึกการทำงานเป็นทีม และรู้จักแบ่งหน้าที่, ฝึกการเข้าสังคม, ฝึกทักษะทางด้านภาษา",พูดคุยได้ทุกเรื่อง,ไม่มีปัญหา,เข้ากลุ่มกับเพื่อนได้ สนิทกันมากขึ้น,ตัวท่านเอง,อื่นๆ,5,3,3,5,4,1,3
"17/7/2023, 21:42:46",หญิง,1,มี,ห้องนั่งเล่น,1-2 ครั้ง,2-3 ชั่วโมง,18.01-00.00 น.,เล่นทุกวัน,ไม่เกิน 2 ชั่วโมง,เกมสวมบทบาท,ฝึกการทำงานเป็นทีม และรู้จักแบ่งหน้าที่,พูดคุยได้บางเรื่อง,ไม่มีปัญหา,ไม่มีผลใดเกิดขึ้น,ตัวท่านเอง,เพื่อนในห้องเรียน,3,3,4,3,4,3,4
"17/7/2023, 21:43:17",ชาย,1,มี,ห้องนั่งเล่น,ใช้ทุกวัน,6 ชั่วโมงขึ้นไป,18.01-00.00 น.,เล่นทุกวัน,5 ชั่วโมงขึ้นไป,"เกมสวมบทบาท, เกมวางแผนกลยุทธ์, เกมบังคับตัวละคร และ เกมกำหนดกติกา, MMORPG","เพิ่มทักษะและความสามารถในการพิมพ์ดีด, ฝึกการวางแผน สำหรับเกมประเภทวางแผน และการวางแผนการเล่นในเกมทั่วๆไป, ฝึกการทำงานเป็นทีม และรู้จักแบ่งหน้าที่, ฝึกทักษะ ทางด้านการค้า, ฝึกการเข้าสังคม, ฝึกการขอโทษ และให้อภัยผู้อื่น, ฝึกที่จะเป็นคนมีน้ำใจ ให้ความช่วยเหลือผู้เล่นใหม่ ไม่เห็นแก่ตัว, ฝึกทักษะทางด้านภาษา",พูดคุยได้ทุกเรื่อง,ไม่มีปัญหา,เข้ากลุ่มกับเพื่อนได้ สนิทกันมากขึ้น,เพื่อน,เพื่อนในห้องเรียน,3,4,4,5,4,2,5
"17/7/2023, 21:43:31",หญิง,1,มี,ห้องนอน,3-4 ครั้ง,2-3 ชั่วโมง,00.01-06.00 น.,2-3 ครั้ง / สัปดาห์,2-3 ชั่วโมง,"เกมจำลองสถานการณ์, เกมฝึกสมอง, เกมบังคับตัวละคร และ เกมกำหนดกติกา, MMORPG","ฝึกการวางแผน สำหรับเกมประเภทวางแผน และการวางแผนการเล่นในเกมทั่วๆไป, ฝึกการทำงานเป็นทีม และรู้จักแบ่งหน้าที่",พูดคุยได้บางเรื่อง,ไม่มีปัญหา,ไม่มีผลใดเกิดขึ้น,เพื่อน,เพื่อนในห้องเรียน,4,1,1,5,3,2,4
"17/7/2023, 21:43:45",หญิง,1,มี,ห้องนอน,ใช้ทุกวัน,2-3 ชั่วโมง,18.01-00.00 น.,2-3 ครั้ง / สัปดาห์,2-3 ชั่วโมง,"เกมกีฬา, เกมแข่งรถ, เกมผจญภัย, เกมบังคับตัวละคร และ เกมกำหนดกติกา","เพิ่มทักษะและความสามารถในการพิมพ์ดีด, ฝึกการวางแผน สำหรับเกมประเภทวางแผน และการวางแผนการเล่นในเกมทั่วๆไป, ฝึกการทำงานเป็นทีม และรู้จักแบ่งหน้าที่",พูดคุยได้บางเรื่อง,ตักเตือน,เข้ากลุ่มกับเพื่อนได้ สนิทกันมากขึ้น,เพื่อน,เพื่อนที่รู้จักในเกมออนไลน์,3,2,2,3,3,1,3
"17/7/2023, 21:44:13",ชาย,1,มี,ห้องนอน,ใช้ทุกวัน,6 ชั่วโมงขึ้นไป,18.01-00.00 น.,เล่นทุกวัน,5 ชั่วโมงขึ้นไป,"เกมสวมบทบาท, เกมวางแผนกลยุทธ์, เกมจำลองสถานการณ์, เกมผจญภัย, เกมฝึกสมอง, เกมบังคับตัวละคร และ เกมกำหนดกติกา","เพิ่มทักษะและความสามารถในการพิมพ์ดีด, ฝึกการวางแผน สำหรับเกมประเภทวางแผน และการวางแผนการเล่นในเกมทั่วๆไป, ฝึกการทำงานเป็นทีม และรู้จักแบ่งหน้าที่, ฝึกทักษะ ทางด้านการค้า, ฝึกการเข้าสังคม, ฝึกการขอโทษ และให้อภัยผู้อื่น, ฝึกที่จะเป็นคนมีน้ำใจ ให้ความช่วยเหลือผู้เล่นใหม่ ไม่เห็นแก่ตัว, ฝึกทักษะทางด้านภาษา",พูดคุยได้ทุกเรื่อง,ตักเตือน,เข้ากลุ่มกับเพื่อนได้ สนิทกันมากขึ้น,ตัวท่านเอง,เพื่อนในห้องเรียน,5,5,5,5,5,5,5
"17/7/2023, 21:44:36",ชาย,1,มี,ห้องนอน,ใช้ทุกวัน,4-5 ชั่วโมง,18.01-00.00 น.,2-3 ครั้ง / สัปดาห์,ไม่เกิน 2 ชั่วโมง,"เกมกีฬา, เกมฝึกสมอง, เกมบังคับตัวละคร และ เกมกำหนดกติกา","เพิ่มทักษะและความสามารถในการพิมพ์ดีด, ฝึกการวางแผน สำหรับเกมประเภทวางแผน และการวางแผนการเล่นในเกมทั่วๆไป, ฝึกการทำงานเป็นทีม และรู้จักแบ่งหน้าที่, ฝึกทักษะ ทางด้านการค้า, ฝึกการเข้าสังคม, ฝึกการขอโทษ และให้อภัยผู้อื่น, ฝึกที่จะเป็นคนมีน้ำใจ ให้ความช่วยเหลือผู้เล่นใหม่ ไม่เห็นแก่ตัว, ฝึกทักษะทางด้านภาษา",พูดคุยได้บางเรื่อง,ตักเตือน,ไม่มีผลใดเกิดขึ้น,ตัวท่านเอง,เพื่อนในห้องเรียน,3,2,3,3,3,1,5
"17/7/2023, 21:44:41",ชาย,1,มี,ห้องนอน,ใช้ทุกวัน,2-3 ชั่วโมง,18.01-00.00 น.,เล่นทุกวัน,5 ชั่วโมงขึ้นไป,FPS,"ฝึกการวางแผน สำหรับเกมประเภทวางแผน และการวางแผนการเล่นในเกมทั่วๆไป, ฝึกทักษะทางด้านภาษา",พูดคุยได้ทุกเรื่อง,ตักเตือน,เข้ากลุ่มกับเพื่อนได้ สนิทกันมากขึ้น,ตัวท่านเอง,เพื่อนในห้องเรียน,3,4,3,4,4,2,3
"17/7/2023, 21:44:46",ชาย,1,มี,ห้องนอน,ใช้ทุกวัน,4-5 ชั่วโมง,12.01-18.00 น.,เล่นทุกวัน,2-3 ชั่วโมง,MMORPG,"ฝึกการทำงานเป็นทีม และรู้จักแบ่งหน้าที่, ฝึกการเข้าสังคม, ฝึกทักษะทางด้านภาษา",พูดคุยได้ทุกเรื่อง,ไม่มีปัญหา,เข้ากลุ่มกับเพื่อนได้ สนิทกันมากขึ้น,ตัวท่านเอง,เพื่อนที่รู้จักในเกมออนไลน์,4,4,4,3,3,3,4
"17/7/2023, 21:45:22",หญิง,1,ไม่มี,ห้องนั่งเล่น,1-2 ครั้ง,ไม่เกิน 2 ชั่วโมง,18.01-00.00 น.,2-3 ครั้ง / สัปดาห์,2-3 ชั่วโมง,"เกมวางแผนกลยุทธ์, เกมแข่งรถ, เกมผจญภัย, เกมฝึกสมอง","ฝึกการวางแผน สำหรับเกมประเภทวางแผน และการวางแผนการเล่นในเกมทั่วๆไป, ฝึกการทำงานเป็นทีม และรู้จักแบ่งหน้าที่, ฝึกที่จะเป็นคนมีน้ำใจ ให้ความช่วยเหลือผู้เล่นใหม่ ไม่เห็นแก่ตัว",พูดคุยได้ทุกเรื่อง,ตักเตือน,เข้ากลุ่มกับเพื่อนได้ สนิทกันมากขึ้น,เพื่อน,เพื่อนในห้องเรียน,2,3,3,5,5,2,5
"17/7/2023, 21:46:06",หญิง,1,มี,ห้องนอน,3-4 ครั้ง,2-3 ชั่วโมง,18.01-00.00 น.,ไม่เกิน 2 ครั้ง / สัปดาห์,ไม่เกิน 2 ชั่วโมง,"เกมแข่งรถ, เกมผจญภัย, เกมฝึกสมอง","ฝึกการวางแผน สำหรับเกมประเภทวางแผน และการวางแผนการเล่นในเกมทั่วๆไป, ฝึกการทำงานเป็นทีม และรู้จักแบ่งหน้าที่",พูดคุยได้บางเรื่อง,ไม่มีปัญหา,ไม่มีผลใดเกิดขึ้น,พี่,เพื่อนที่รู้จักในเกมออนไลน์,4,4,3,4,4,3,5
"17/7/2023, 21:46:17",หญิง,1,มี,ห้องนั่งเล่น,1-2 ครั้ง,ไม่เกิน 2 ชั่วโมง,12.01-18.00 น.,4-6 ครั้ง / สัปดาห์,ไม่เกิน 2 ชั่วโมง,"เกมวางแผนกลยุทธ์, เกมจำลองสถานการณ์, เกมฝึกสมอง, เกมบังคับตัวละคร และ เกมกำหนดกติกา","ฝึกการวางแผน สำหรับเกมประเภทวางแผน และการวางแผนการเล่นในเกมทั่วๆไป, ฝึกการทำงานเป็นทีม และรู้จักแบ่งหน้าที่, ฝึกทักษะ ทางด้านการค้า",พูดคุยได้บางเรื่อง,ตักเตือน,เข้ากลุ่มกับเพื่อนได้ สนิทกันมากขึ้น,ตัวท่านเอง,เพื่อนในห้องเรียน,4,3,4,3,3,3,3
"17/7/2023, 21:48:09",หญิง,1,มี,ห้องนอน,1-2 ครั้ง,4-5 ชั่วโมง,18.01-00.00 น.,ไม่เกิน 2 ครั้ง / สัปดาห์,ไม่เกิน 2 ชั่วโมง,MMORPG,ฝึกการเข้าสังคม,พูดคุยได้บางเรื่อง,ไม่มีปัญหา,ไม่มีผลใดเกิดขึ้น,เพื่อน,เพื่อนในห้องเรียน,3,3,3,3,3,3,3
"17/7/2023, 21:50:00",ชาย,2,มี,ห้องนั่งเล่น,5-6 ครั้ง,2-3 ชั่วโมง,18.01-00.00 น.,เล่นทุกวัน,2-3 ชั่วโมง,เกมวางแผนกลยุทธ์,ฝึกการทำงานเป็นทีม และรู้จักแบ่งหน้าที่,พูดคุยได้ทุกเรื่อง,ไม่มีปัญหา,ไม่มีผลใดเกิดขึ้น,ตัวท่านเอง,เพื่อนในห้องเรียน,3,3,3,3,3,3,3
"17/7/2023, 21:50:45",หญิง,1,มี,ห้องนอน,1-2 ครั้ง,ไม่เกิน 2 ชั่วโมง,12.01-18.00 น.,2-3 ครั้ง / สัปดาห์,ไม่เกิน 2 ชั่วโมง,"เกมวางแผนกลยุทธ์, เกมฝึกสมอง","ฝึกการวางแผน สำหรับเกมประเภทวางแผน และการวางแผนการเล่นในเกมทั่วๆไป, ฝึกที่จะเป็นคนมีน้ำใจ ให้ความช่วยเหลือผู้เล่นใหม่ ไม่เห็นแก่ตัว",พูดคุยได้บางเรื่อง,ไม่มีปัญหา,เข้ากลุ่มกับเพื่อนได้ สนิทกันมากขึ้น,เพื่อน,อื่นๆ,4,3,4,5,3,4,4
"17/7/2023, 21:51:23",ชาย,1,ไม่มี,ห้องนั่งเล่น,1-2 ครั้ง,ไม่เกิน 2 ชั่วโมง,18.01-00.00 น.,ไม่เกิน 2 ครั้ง / สัปดาห์,ไม่เกิน 2 ชั่วโมง,เกมกีฬา,ฝึกการเข้าสังคม,พูดคุยได้ทุกเรื่อง,ไม่มีปัญหา,เข้ากลุ่มกับเพื่อนได้ สนิทกันมากขึ้น,ตัวท่านเอง,เพื่อนในห้องเรียน,4,4,4,4,4,4,4
"17/7/2023, 21:53:21",หญิง,1,มี,ห้องนั่งเล่น,1-2 ครั้ง,2-3 ชั่วโมง,06.01-12.00 น,2-3 ครั้ง / สัปดาห์,2-3 ชั่วโมง,"เกมสวมบทบาท, เกมแข่งรถ, เกมผจญภัย","ฝึกการทำงานเป็นทีม และรู้จักแบ่งหน้าที่, ฝึกการเข้าสังคม, ฝึกที่จะเป็นคนมีน้ำใจ ให้ความช่วยเหลือผู้เล่นใหม่ ไม่เห็นแก่ตัว",พูดคุยได้ทุกเรื่อง,ไม่มีปัญหา,เข้ากลุ่มกับเพื่อนได้ สนิทกันมากขึ้น,เพื่อน,เพื่อนในห้องเรียน,5,5,5,5,5,5,5
"17/7/2023, 21:53:30",ชาย,1,มี,ห้องนอน,1-2 ครั้ง,ไม่เกิน 2 ชั่วโมง,18.01-00.00 น.,เล่นทุกวัน,2-3 ชั่วโมง,"เกมสวมบทบาท, เกมกีฬา, เกมแข่งรถ, เกมจำลองสถานการณ์, เกมฝึกสมอง","ฝึกการทำงานเป็นทีม และรู้จักแบ่งหน้าที่, ฝึกทักษะ ทางด้านการค้า, ฝึกการเข้าสังคม, ฝึกทักษะทางด้านภาษา",พูดคุยได้ทุกเรื่อง,ไม่มีปัญหา,ไม่มีผลใดเกิดขึ้น,ตัวท่านเอง,เพื่อนในห้องเรียน,3,2,3,5,5,1,5
"17/7/2023, 21:54:26",หญิง,1,ไม่มี,ห้องนอน,1-2 ครั้ง,ไม่เกิน 2 ชั่วโมง,18.01-00.00 น.,เล่นทุกวัน,ไม่เกิน 2 ชั่วโมง,เกมผจญภัย,ฝึกการทำงานเป็นทีม และรู้จักแบ่งหน้าที่,พูดคุยได้ทุกเรื่อง,ไม่มีปัญหา,เข้ากลุ่มกับเพื่อนได้ สนิทกันมากขึ้น,เพื่อน,เพื่อนในห้องเรียน,5,5,5,5,2,1,5
"17/7/2023, 21:55:09",ชาย,1,ไม่มี,ห้องนั่งเล่น,1-2 ครั้ง,ไม่เกิน 2 ชั่วโมง,00.01-06.00 น.,เล่นทุกวัน,5 ชั่วโมงขึ้นไป,เกมฝึกสมอง,ฝึกการทำงานเป็นทีม และรู้จักแบ่งหน้าที่,พูดคุยได้ทุกเรื่อง,ต่อว่าอย่างรุนแรง,ไม่มีผลใดเกิดขึ้น,เพื่อน,เพื่อนที่รู้จักในเกมออนไลน์,1,1,1,1,1,1,1
"17/7/2023, 21:56:02",หญิง,1,มี,ห้องนั่งเล่น,3-4 ครั้ง,2-3 ชั่วโมง,12.01-18.00 น.,ไม่เกิน 2 ครั้ง / สัปดาห์,ไม่เกิน 2 ชั่วโมง,เกมฝึกสมอง,"ฝึกการวางแผน สำหรับเกมประเภทวางแผน และการวางแผนการเล่นในเกมทั่วๆไป, ฝึกการทำงานเป็นทีม และรู้จักแบ่งหน้าที่, ฝึกการเข้าสังคม, ฝึกการขอโทษ และให้อภัยผู้อื่น",พูดคุยได้บางเรื่อง,ไม่มีปัญหา,เข้ากลุ่มกับเพื่อนได้ สนิทกันมากขึ้น,เพื่อน,เพื่อนในห้องเรียน,3,2,2,3,2,1,2
"17/7/2023, 21:57:04",ชาย,1,มี,ห้องนอน,3-4 ครั้ง,2-3 ชั่วโมง,18.01-00.00 น.,เล่นทุกวัน,2-3 ชั่วโมง,"เกมสวมบทบาท, เกมวางแผนกลยุทธ์, เกมจำลองสถานการณ์, เกมผจญภัย, เกมฝึกสมอง, เกมบังคับตัวละคร และ เกมกำหนดกติกา, MMORPG","ฝึกการวางแผน สำหรับเกมประเภทวางแผน และการวางแผนการเล่นในเกมทั่วๆไป, ฝึกการทำงานเป็นทีม และรู้จักแบ่งหน้าที่, ฝึกทักษะ ทางด้านการค้า",พูดคุยได้บางเรื่อง,ไม่มีปัญหา,เข้ากลุ่มกับเพื่อนได้ สนิทกันมากขึ้น,ตัวท่านเอง,เพื่อนในห้องเรียน,5,1,2,5,3,1,3
"17/7/2023, 21:57:39",หญิง,1,มี,ห้องนอน,ใช้ทุกวัน,2-3 ชั่วโมง,18.01-00.00 น.,ไม่เกิน 2 ครั้ง / สัปดาห์,ไม่เกิน 2 ชั่วโมง,เกมบังคับตัวละคร และ เกมกำหนดกติกา,ฝึกการวางแผน สำหรับเกมประเภทวางแผน และการวางแผนการเล่นในเกมทั่วๆไป,พูดคุยได้ทุกเรื่อง,ตักเตือน,เข้ากลุ่มกับเพื่อนได้ สนิทกันมากขึ้น,เพื่อน,เพื่อนในห้องเรียน,1,2,2,2,2,2,2
"17/7/2023, 21:59:45",ชาย,1,มี,ห้องนั่งเล่น,1-2 ครั้ง,ไม่เกิน 2 ชั่วโมง,18.01-00.00 น.,ไม่เกิน 2 ครั้ง / สัปดาห์,ไม่เกิน 2 ชั่วโมง,เกมสวมบทบาท,ฝึกทักษะ ทางด้านการค้า,พูดคุยได้ทุกเรื่อง,ตักเตือน,เข้ากลุ่มกับเพื่อนได้ สนิทกันมากขึ้น,เพื่อน,เพื่อนในห้องเรียน,4,4,2,3,4,2,3
"17/7/2023, 22:00:14",หญิง,4,มี,ห้องนอน,3-4 ครั้ง,6 ชั่วโมงขึ้นไป,18.01-00.00 น.,2-3 ครั้ง / สัปดาห์,2-3 ชั่วโมง,"เกมวางแผนกลยุทธ์, เกมจำลองสถานการณ์, เกมฝึกสมอง, เกมบังคับตัวละคร และ เกมกำหนดกติกา","เพิ่มทักษะและความสามารถในการพิมพ์ดีด, ฝึกการวางแผน สำหรับเกมประเภทวางแผน และการวางแผนการเล่นในเกมทั่วๆไป, ฝึกการทำงานเป็นทีม และรู้จักแบ่งหน้าที่, ฝึกการเข้าสังคม, ฝึกการขอโทษ และให้อภัยผู้อื่น, ฝึกที่จะเป็นคนมีน้ำใจ ให้ความช่วยเหลือผู้เล่นใหม่ ไม่เห็นแก่ตัว",พูดคุยได้ทุกเรื่อง,ไม่มีปัญหา,ไม่มีผลใดเกิดขึ้น,เพื่อน,เพื่อนในห้องเรียน,5,3,4,5,3,4,4
"17/7/2023, 22:00:17",ชาย,1,ไม่มี,ไม่มีคอม,1-2 ครั้ง,2-3 ชั่วโมง,18.01-00.00 น.,4-6 ครั้ง / สัปดาห์,4-5  ชั่วโมง,เกมฝึกสมอง,"เพิ่มทักษะและความสามารถในการพิมพ์ดีด, ฝึกทักษะ ทางด้านการค้า, ฝึกที่จะเป็นคนมีน้ำใจ ให้ความช่วยเหลือผู้เล่นใหม่ ไม่เห็นแก่ตัว",พูดคุยได้ทุกเรื่อง,ไม่มีปัญหา,เข้ากลุ่มกับเพื่อนได้ สนิทกันมากขึ้น,ตัวท่านเอง,เพื่อนในห้องเรียน,4,5,4,3,4,5,3
"17/7/2023, 22:01:04",หญิง,1,มี,ห้องนั่งเล่น,3-4 ครั้ง,2-3 ชั่วโมง,18.01-00.00 น.,ไม่เกิน 2 ครั้ง / สัปดาห์,ไม่เกิน 2 ชั่วโมง,เกมฝึกสมอง,"เพิ่มทักษะและความสามารถในการพิมพ์ดีด, ฝึกการขอโทษ และให้อภัยผู้อื่น",พูดคุยได้ทุกเรื่อง,ไม่มีปัญหา,ไม่มีผลใดเกิดขึ้น,ตัวท่านเอง,เพื่อนในห้องเรียน,3,3,3,3,3,3,3
"17/7/2023, 22:03:53",หญิง,1,ไม่มี, -,-,-,-,2-3 ครั้ง / สัปดาห์,ไม่เกิน 2 ชั่วโมง,"เกมผจญภัย, เกมฝึกสมอง","ฝึกการวางแผน สำหรับเกมประเภทวางแผน และการวางแผนการเล่นในเกมทั่วๆไป, ฝึกทักษะทางด้านภาษา",พูดคุยได้ทุกเรื่อง,ตักเตือน,เข้ากลุ่มกับเพื่อนได้ สนิทกันมากขึ้น,เพื่อน,เพื่อนในห้องเรียน,3,3,2,3,3,2,4
"17/7/2023, 22:04:04",หญิง,1,มี,ห้องนอน,ใช้ทุกวัน,4-5 ชั่วโมง,18.01-00.00 น.,เล่นทุกวัน,2-3 ชั่วโมง,"เกมสวมบทบาท, เกมวางแผนกลยุทธ์, เกมแข่งรถ, เกมผจญภัย, เกมฝึกสมอง, เกมบังคับตัวละคร และ เกมกำหนดกติกา","ฝึกการวางแผน สำหรับเกมประเภทวางแผน และการวางแผนการเล่นในเกมทั่วๆไป, ฝึกการทำงานเป็นทีม และรู้จักแบ่งหน้าที่, ฝึกทักษะ ทางด้านการค้า, ฝึกการเข้าสังคม, ฝึกที่จะเป็นคนมีน้ำใจ ให้ความช่วยเหลือผู้เล่นใหม่ ไม่เห็นแก่ตัว",พูดคุยได้ทุกเรื่อง,ตักเตือน,ไม่มีผลใดเกิดขึ้น,เพื่อน,เพื่อนที่รู้จักในเกมออนไลน์,5,3,3,5,5,2,4
"17/7/2023, 22:04:32",ชาย,1,ไม่มี,ไม่มี,ไม่มี,ไม่มี,ไม่มี,เล่นทุกวัน,2-3 ชั่วโมง,"เกมวางแผนกลยุทธ์, เกมฝึกสมอง","ฝึกการวางแผน สำหรับเกมประเภทวางแผน และการวางแผนการเล่นในเกมทั่วๆไป, ฝึกการทำงานเป็นทีม และรู้จักแบ่งหน้าที่, ฝึกการเข้าสังคม, ฝึกการขอโทษ และให้อภัยผู้อื่น, ฝึกที่จะเป็นคนมีน้ำใจ ให้ความช่วยเหลือผู้เล่นใหม่ ไม่เห็นแก่ตัว",พูดคุยได้ทุกเรื่อง,บ่นตลอดวัน,เข้ากลุ่มกับเพื่อนได้ สนิทกันมากขึ้น,ตัวท่านเอง,เพื่อนที่รู้จักในเกมออนไลน์,3,3,3,3,3,3,3
"17/7/2023, 22:09:09",ชาย,1,มี,ห้องนอน,1-2 ครั้ง,ไม่เกิน 2 ชั่วโมง,18.01-00.00 น.,2-3 ครั้ง / สัปดาห์,ไม่เกิน 2 ชั่วโมง,เกมผจญภัย,ฝึกการวางแผน สำหรับเกมประเภทวางแผน และการวางแผนการเล่นในเกมทั่วๆไป,พูดคุยได้ทุกเรื่อง,บ่นตลอดวัน,เข้ากลุ่มกับเพื่อนได้ สนิทกันมากขึ้น,เพื่อน,เพื่อนในห้องเรียน,4,3,3,5,3,3,5
"17/7/2023, 22:10:32",หญิง,2,มี,ห้องนอน,3-4 ครั้ง,4-5 ชั่วโมง,18.01-00.00 น.,4-6 ครั้ง / สัปดาห์,2-3 ชั่วโมง,"เกมวางแผนกลยุทธ์, เกมบังคับตัวละคร และ เกมกำหนดกติกา","ฝึกการทำงานเป็นทีม และรู้จักแบ่งหน้าที่, ฝึกทักษะทางด้านภาษา",พูดคุยได้บางเรื่อง,ไม่มีปัญหา,เข้ากลุ่มกับเพื่อนได้ สนิทกันมากขึ้น,ตัวท่านเอง,เพื่อนที่รู้จักในเกมออนไลน์,4,2,2,4,5,1,5
"17/7/2023, 22:11:29",ชาย,1,มี,ห้องนอน,ใช้ทุกวัน,4-5 ชั่วโมง,18.01-00.00 น.,เล่นทุกวัน,2-3 ชั่วโมง,"เกมวางแผนกลยุทธ์, เกมจำลองสถานการณ์","เพิ่มทักษะและความสามารถในการพิมพ์ดีด, ฝึกการวางแผน สำหรับเกมประเภทวางแผน และการวางแผนการเล่นในเกมทั่วๆไป, ฝึกการทำงานเป็นทีม และรู้จักแบ่งหน้าที่, ฝึกที่จะเป็นคนมีน้ำใจ ให้ความช่วยเหลือผู้เล่นใหม่ ไม่เห็นแก่ตัว, ฝึกทักษะทางด้านภาษา",พูดคุยได้ทุกเรื่อง,ไม่มีปัญหา,เข้ากลุ่มกับเพื่อนได้ สนิทกันมากขึ้น,ตัวท่านเอง,อื่นๆ,5,3,5,5,4,1,5
"17/7/2023, 22:11:54",ชาย,1,มี,ห้องนอน,ใช้ทุกวัน,4-5 ชั่วโมง,18.01-00.00 น.,ไม่เกิน 2 ครั้ง / สัปดาห์,ไม่เกิน 2 ชั่วโมง,เกมกีฬา,ฝึกการทำงานเป็นทีม และรู้จักแบ่งหน้าที่,พูดคุยได้ทุกเรื่อง,ตักเตือน,ไม่มีผลใดเกิดขึ้น,เพื่อน,เพื่อนในห้องเรียน,1,1,1,1,1,1,1
"17/7/2023, 22:12:46",หญิง,5,ไม่มี,ไม่มีคอมพิวเตอร์,ไม่มีคอมพิวเตอร์,ไม่มีคอมพิวเตอร์,ไม่มีคอมพิวเตอร์,ไม่เกิน 2 ครั้ง / สัปดาห์,ไม่เกิน 2 ชั่วโมง,เกมสวมบทบาท,ช่วยให้หายเบื่อในระยะสั้นๆ,พูดคุยได้บางเรื่อง,ตักเตือน,ไม่มีผลใดเกิดขึ้น,เพื่อน,เพื่อนในห้องเรียน,4,4,3,4,4,4,5
"17/7/2023, 22:15:54",หญิง,1,ไม่มี,ห้องนอน,1-2 ครั้ง,ไม่เกิน 2 ชั่วโมง,18.01-00.00 น.,ไม่เกิน 2 ครั้ง / สัปดาห์,ไม่เกิน 2 ชั่วโมง,"เกมแข่งรถ, เกมจำลองสถานการณ์","เพิ่มทักษะและความสามารถในการพิมพ์ดีด, ฝึกการวางแผน สำหรับเกมประเภทวางแผน และการวางแผนการเล่นในเกมทั่วๆไป",พูดคุยได้บางเรื่อง,ไม่มีปัญหา,ไม่มีผลใดเกิดขึ้น,เพื่อน,เพื่อนในห้องเรียน,4,3,3,5,3,1,3
"17/7/2023, 22:16:24",ชาย,1,ไม่มี,ห้องนอน,ใช้ทุกวัน,6 ชั่วโมงขึ้นไป,18.01-00.00 น.,เล่นทุกวัน,2-3 ชั่วโมง,"เกมวางแผนกลยุทธ์, MMORPG",ฝึกที่จะเป็นคนมีน้ำใจ ให้ความช่วยเหลือผู้เล่นใหม่ ไม่เห็นแก่ตัว,พูดคุยได้บางเรื่อง,ตักเตือน,ไม่มีผลใดเกิดขึ้น,ตัวท่านเอง,เพื่อนที่รู้จักในเกมออนไลน์,2,3,2,4,4,2,4
"17/7/2023, 22:18:57",ชาย,1,มี,ห้องนั่งเล่น,5-6 ครั้ง,2-3 ชั่วโมง,18.01-00.00 น.,4-6 ครั้ง / สัปดาห์,ไม่เกิน 2 ชั่วโมง,"เกมวางแผนกลยุทธ์, เกมจำลองสถานการณ์, เกมผจญภัย, เกมบังคับตัวละคร และ เกมกำหนดกติกา, MMORPG","ฝึกการวางแผน สำหรับเกมประเภทวางแผน และการวางแผนการเล่นในเกมทั่วๆไป, ฝึกการทำงานเป็นทีม และรู้จักแบ่งหน้าที่, ฝึกการเข้าสังคม, ฝึกทักษะทางด้านภาษา",พูดคุยได้ทุกเรื่อง,ไม่มีปัญหา,เข้ากลุ่มกับเพื่อนได้ สนิทกันมากขึ้น,เพื่อน,เพื่อนในห้องเรียน,4,3,3,4,3,4,5
"17/7/2023, 22:19:38",หญิง,1,มี,ห้องทำงาน,1-2 ครั้ง,2-3 ชั่วโมง,18.01-00.00 น.,4-6 ครั้ง / สัปดาห์,2-3 ชั่วโมง,"เกมสวมบทบาท, เกมกีฬา, เกมแข่งรถ, เกมจำลองสถานการณ์, เกมผจญภัย, เกมฝึกสมอง","ฝึกการวางแผน สำหรับเกมประเภทวางแผน และการวางแผนการเล่นในเกมทั่วๆไป, ฝึกการทำงานเป็นทีม และรู้จักแบ่งหน้าที่",พูดคุยได้บางเรื่อง,ไม่มีปัญหา,เข้ากลุ่มกับเพื่อนได้ สนิทกันมากขึ้น,เพื่อน,เพื่อนในห้องเรียน,3,3,1,5,1,1,4
"17/7/2023, 22:19:55",หญิง,1,มี,ห้องนั่งเล่น,ใช้ทุกวัน,4-5 ชั่วโมง,18.01-00.00 น.,ไม่เกิน 2 ครั้ง / สัปดาห์,ไม่เกิน 2 ชั่วโมง,"เกมผจญภัย, เกมฝึกสมอง, เกมบังคับตัวละคร และ เกมกำหนดกติกา","ฝึกการวางแผน สำหรับเกมประเภทวางแผน และการวางแผนการเล่นในเกมทั่วๆไป, ฝึกการทำงานเป็นทีม และรู้จักแบ่งหน้าที่",พูดคุยได้ทุกเรื่อง,ไม่มีปัญหา,ไม่มีผลใดเกิดขึ้น,เพื่อน,อื่นๆ,4,2,3,3,3,2,3
"17/7/2023, 22:21:28",หญิง,1,มี,ห้องนอน,5-6 ครั้ง,2-3 ชั่วโมง,18.01-00.00 น.,เล่นทุกวัน,2-3 ชั่วโมง,"เกมจำลองสถานการณ์, เกมผจญภัย, เกมฝึกสมอง","ฝึกการวางแผน สำหรับเกมประเภทวางแผน และการวางแผนการเล่นในเกมทั่วๆไป, ฝึกที่จะเป็นคนมีน้ำใจ ให้ความช่วยเหลือผู้เล่นใหม่ ไม่เห็นแก่ตัว, ฝึกทักษะทางด้านภาษา",พูดคุยได้บางเรื่อง,ตักเตือน,ไม่มีผลใดเกิดขึ้น,ตัวท่านเอง,เพื่อนในห้องเรียน,5,1,2,5,2,3,4
"17/7/2023, 22:44:40",หญิง,1,มี,ห้องนอน,1-2 ครั้ง,2-3 ชั่วโมง,18.01-00.00 น.,4-6 ครั้ง / สัปดาห์,ไม่เกิน 2 ชั่วโมง,เกมสวมบทบาท,เพิ่มทักษะและความสามารถในการพิมพ์ดีด,พูดคุยได้ทุกเรื่อง,ไม่มีปัญหา,เข้ากลุ่มกับเพื่อนได้ สนิทกันมากขึ้น,ตัวท่านเอง,เพื่อนในห้องเรียน,3,3,4,3,3,4,3
"17/7/2023, 22:44:53",ชาย,1,มี,ห้องนั่งเล่น,3-4 ครั้ง,2-3 ชั่วโมง,12.01-18.00 น.,4-6 ครั้ง / สัปดาห์,2-3 ชั่วโมง,"เกมสวมบทบาท, เกมวางแผนกลยุทธ์, เกมกีฬา, เกมแข่งรถ, เกมจำลองสถานการณ์","ฝึกการทำงานเป็นทีม และรู้จักแบ่งหน้าที่, ฝึกการเข้าสังคม, ฝึกทักษะทางด้านภาษา",พูดคุยได้ทุกเรื่อง,ไม่มีปัญหา,ไม่มีผลใดเกิดขึ้น,ตัวท่านเอง,เพื่อนในห้องเรียน,3,3,4,4,3,1,2
"17/7/2023, 22:52:57",ชาย,1,ไม่มี,ห้องนั่งเล่น,ใช้ทุกวัน,2-3 ชั่วโมง,18.01-00.00 น.,2-3 ครั้ง / สัปดาห์,2-3 ชั่วโมง,MMORPG,"ฝึกการวางแผน สำหรับเกมประเภทวางแผน และการวางแผนการเล่นในเกมทั่วๆไป, ฝึกการทำงานเป็นทีม และรู้จักแบ่งหน้าที่, ฝึกการเข้าสังคม, ฝึกทักษะทางด้านภาษา",พูดคุยได้ทุกเรื่อง,ตักเตือน,เข้ากลุ่มกับเพื่อนได้ สนิทกันมากขึ้น,เพื่อน,เพื่อนในห้องเรียน,5,3,3,5,4,1,5
"17/7/2023, 23:02:21",LGBTQIA+,1,มี,ห้องนั่งเล่น,5-6 ครั้ง,4-5 ชั่วโมง,18.01-00.00 น.,ไม่เกิน 2 ครั้ง / สัปดาห์,ไม่เกิน 2 ชั่วโมง,"เกมแข่งรถ, เกมฝึกสมอง","ฝึกการวางแผน สำหรับเกมประเภทวางแผน และการวางแผนการเล่นในเกมทั่วๆไป, ฝึกทักษะทางด้านภาษา",พูดคุยได้ทุกเรื่อง,ไม่มีปัญหา,ไม่มีผลใดเกิดขึ้น,เพื่อน,เพื่อนในห้องเรียน,5,3,2,5,3,3,4
"17/7/2023, 23:16:04",หญิง,1,มี,ห้องนอน,1-2 ครั้ง,2-3 ชั่วโมง,18.01-00.00 น.,ไม่เกิน 2 ครั้ง / สัปดาห์,ไม่เกิน 2 ชั่วโมง,"เกมแข่งรถ, เกมจำลองสถานการณ์, เกมผจญภัย, เกมฝึกสมอง","ฝึกการวางแผน สำหรับเกมประเภทวางแผน และการวางแผนการเล่นในเกมทั่วๆไป, ฝึกการเข้าสังคม, ฝึกการขอโทษ และให้อภัยผู้อื่น, ฝึกทักษะทางด้านภาษา",พูดคุยได้ทุกเรื่อง,ไม่มีปัญหา,เข้ากลุ่มกับเพื่อนได้ สนิทกันมากขึ้น,ตัวท่านเอง,เพื่อนในห้องเรียน,2,3,2,1,1,1,1
"17/7/2023, 23:22:04",หญิง,1,มี,ห้องนอน,ใช้ทุกวัน,ไม่เกิน 2 ชั่วโมง,18.01-00.00 น.,2-3 ครั้ง / สัปดาห์,ไม่เกิน 2 ชั่วโมง,เกมวางแผนกลยุทธ์,เพิ่มทักษะและความสามารถในการพิมพ์ดีด,พูดคุยได้ทุกเรื่อง,ตักเตือน,เข้ากลุ่มกับเพื่อนได้ สนิทกันมากขึ้น,อาจารย์สอนโมบ้า,เพื่อนในห้องเรียน,2,3,3,5,1,1,5
"18/7/2023, 0:48:21",LGBTQIA+,1,ไม่มี,ไม่มีคอมพิวเตอร์,ไม่มีคอมพิวเตอร์,ไม่มีคอมพิวเตอร์,ไม่มีคอมพิวเตอร์,4-6 ครั้ง / สัปดาห์,2-3 ชั่วโมง,"เกมจำลองสถานการณ์, เกมฝึกสมอง","ฝึกการวางแผน สำหรับเกมประเภทวางแผน และการวางแผนการเล่นในเกมทั่วๆไป, ฝึกการทำงานเป็นทีม และรู้จักแบ่งหน้าที่, ฝึกทักษะทางด้านภาษา",พูดคุยได้บางเรื่อง,ตักเตือน,ไม่มีผลใดเกิดขึ้น,พี่น้อง,อื่นๆ,3,1,1,5,3,1,4
"18/7/2023, 3:48:52",หญิง,1,มี,ห้องนอน,3-4 ครั้ง,ไม่เกิน 2 ชั่วโมง,18.01-00.00 น.,ไม่เกิน 2 ครั้ง / สัปดาห์,ไม่เกิน 2 ชั่วโมง,เกมฝึกสมอง,เพิ่มทักษะและความสามารถในการพิมพ์ดีด,พูดคุยได้ทุกเรื่อง,ไม่มีปัญหา,เข้ากลุ่มกับเพื่อนได้ สนิทกันมากขึ้น,พี่ชาย,เพื่อนในห้องเรียน,4,2,2,3,1,1,1
"18/7/2023, 8:13:19",หญิง,1,มี,ห้องนอน,3-4 ครั้ง,ไม่เกิน 2 ชั่วโมง,18.01-00.00 น.,2-3 ครั้ง / สัปดาห์,ไม่เกิน 2 ชั่วโมง,เกมวางแผนกลยุทธ์,ฝึกการวางแผน สำหรับเกมประเภทวางแผน และการวางแผนการเล่นในเกมทั่วๆไป,พูดคุยได้ทุกเรื่อง,ไม่มีปัญหา,เข้ากลุ่มกับเพื่อนได้ สนิทกันมากขึ้น,ตัวท่านเอง,อื่นๆ,2,1,1,3,3,1,2
"18/7/2023, 10:44:27",LGBTQIA+,1,มี,ห้องนั่งเล่น,ใช้ทุกวัน,4-5 ชั่วโมง,18.01-00.00 น.,ไม่เกิน 2 ครั้ง / สัปดาห์,ไม่เกิน 2 ชั่วโมง,เกมวางแผนกลยุทธ์,"ฝึกการวางแผน สำหรับเกมประเภทวางแผน และการวางแผนการเล่นในเกมทั่วๆไป, ฝึกการทำงานเป็นทีม และรู้จักแบ่งหน้าที่",พูดคุยได้บางเรื่อง,ไม่มีปัญหา,เข้ากลุ่มกับเพื่อนได้ สนิทกันมากขึ้น,ตัวท่านเอง,เพื่อนที่รู้จักในเกมออนไลน์,1,1,3,2,3,1,3
"18/7/2023, 12:01:27",ชาย,1,มี,ห้องนั่งเล่น,1-2 ครั้ง,2-3 ชั่วโมง,06.01-12.00 น,เล่นทุกวัน,ไม่เกิน 2 ชั่วโมง,"เกมกีฬา, เกมผจญภัย","เพิ่มทักษะและความสามารถในการพิมพ์ดีด, ฝึกการทำงานเป็นทีม และรู้จักแบ่งหน้าที่, ฝึกทักษะ ทางด้านการค้า, ฝึกการเข้าสังคม",พูดคุยได้ทุกเรื่อง,ตักเตือน,เข้ากลุ่มกับเพื่อนได้ สนิทกันมากขึ้น,ตัวท่านเอง,เพื่อนที่รู้จักในเกมออนไลน์,3,2,3,3,2,3,3
"18/7/2023, 12:12:27",ไม่สะดวกในการให้ข้อมูล,1,มี,ห้องนอน,ใช้ทุกวัน,ไม่เกิน 2 ชั่วโมง,18.01-00.00 น.,ไม่เกิน 2 ครั้ง / สัปดาห์,ไม่เกิน 2 ชั่วโมง,"เกมวางแผนกลยุทธ์, เกมผจญภัย, เกมฝึกสมอง","ฝึกการวางแผน สำหรับเกมประเภทวางแผน และการวางแผนการเล่นในเกมทั่วๆไป, ฝึกการทำงานเป็นทีม และรู้จักแบ่งหน้าที่, ฝึกทักษะทางด้านภาษา",พูดคุยได้บางเรื่อง,ตักเตือน,ไม่มีผลใดเกิดขึ้น,ตัวท่านเอง,อื่นๆ,3,1,1,1,1,2,2
"18/7/2023, 18:22:41",ชาย,1,มี,ห้องนั่งเล่น,3-4 ครั้ง,2-3 ชั่วโมง,18.01-00.00 น.,เล่นทุกวัน,ไม่เกิน 2 ชั่วโมง,"เกมกีฬา, MMORPG","ฝึกการทำงานเป็นทีม และรู้จักแบ่งหน้าที่, ฝึกทักษะทางด้านภาษา",พูดคุยได้ทุกเรื่อง,ตักเตือน,เข้ากลุ่มกับเพื่อนได้ สนิทกันมากขึ้น,เพื่อน,เพื่อนในห้องเรียน,4,3,4,4,4,2,3